food_no,food_name,food_dsc,food_class_no
1,가래떡,"가래떡 : 멥쌀가루를 반죽하여 찐다음에 둥글려서 길고 가늘게 만든 흰떡",5
2,가오리찜,"가오리찜 : 말려서 썰어 뼈를 빼낸 가오리를 양념장에 재운 후 통깨와 고명을 얹어 찜통에 찐 음식",16
3,가오리콩나물찜,"가오리찜 : 말려서 썰어 뼈를 빼낸 가오리를 양념장에 재운 후 통깨와 고명을 얹어 찜통에 찐 음식",16
4,가자미구이,"가자미구이 : 바다 밑바닥에 붙어살며 몸이 납작한 가자미는 살이 부드럽고 식감이 쫄깃하며 맛이 담백하다.",17
5,가자미식해,"가자미식해 : 가자미에 소금, 좁쌀밥, 고춧가루 등을 넣어 삭힌 함경도 지방의 향토음식",27
6,가자미전,"가자미전 : 가자미에 소금, 후춧가루로 밑간을 한 후, 밀가루와 달걀옷을 입혀 팬에 구워낸 전이다.",26
7,가자미조림,"가자미조림 : 손질한 가자미에 양념장을 얹어 무와 함께 담백하게 조린 음식",19
8,가죽나물무침,"가죽나물 : 참죽 새순 잎의 줄기를 꺽어 데쳐 햇볕에 말린 후 튀김기름에 살짝 볶고 갖은 양념을 한 나물",24
9,가지나물,"가지나물 : 가지를 찜통에 찐 후에 가늘게 찢어 갖은 양념에 무쳐 먹는 나물",23
10,가지볶음,"가지볶음 : 달구어진 팬에 기름을 두르고, 소금에 살짝 절인 가지와 파, 다진 마늘, 간장 양념을 함께 넣어 볶은 반찬이다.",18
11,가지전,"가지전 : 껍질을 벗겨 어슷하게 썬 가지에 소금 간을 하고 밀가루와 달걀물을 입혀 식용유를 두른 팬에 지진 것이다.",26
12,간장게장,"간장게장 : 손질한 꽃게에 달여 식힌 양념간장을 부어 담근 한국 고유의 젓갈",27
13,간장마늘쫑장아찌,"마늘종장아찌 : 5~6월 햇 마늘이 나오기 시작하면서 제철인 마늘종을 소금에 살짝 절였다가 달인 간장에 담가 입맛 잃은 여름에 먹는 장아찌",29
14,간장양념닭다리구이,"간장양념닭구이 : 닭고기를 저며 소금을 뿌리고 간장이나 고추장 등으로 양념을 하여 구운 것",17
15,간장양념치킨,"간장양념치킨 : 적당한 크기로 자른 닭고기를 밑간하여 식용유에 튀겨 간장이나 고추장 등으로 만든 양념에 버무린 음식이다.",9
16,간장찜닭,"안동찜닭 : 경상북도 안동에서 유래한 음식으로 삶은 닭에 소스 온갖 채소와 양념을 섞어 졸인 요리",16
17,간재미회무침,"간재미회무침 : 얇게 저며 썬 간재미를 막걸리에 담가 주물러 물기를 뺀 다음 당근, 양파, 풋고추와 함께 초고추장(고추장, 식초, 다진 마늘, 설탕, 깨소금)으로 버무린 것",24
18,간짜장,"간짜장 : 짜장면의 한 종류로 기름에 볶은 춘장에 돼지고기, 야채 등을 넣고 한 번 더 볶은 뒤, 삶은 국수와 비벼 먹는 한국식 중화요리",4
19,갈낙탕,"갈낙탕 : 소갈비와 낙지를 넣어 끓인 탕 요리로 전라남도 영암군의 향토음식",13
20,갈비탕,"갈비탕 : 쇠갈비로 만든 탕",13
21,갈치구이,"갈치구이 : 갈치를 토막 내 팬이나 석쇠에 구워 먹는 요리",17
22,갈치조림,"갈치조림 : 토막 낸 갈치에 감자, 무 등을 넣고 고추장을 풀어 매콤하게 조린 요리",19
23,갈치찌개,"갈치찌개 : 토막 낸 갈치를 애호박과 함께 끓이다 고춧가루, 다진 마늘, 소금 등을 넣어 끓여낸 찌개 요리",15
24,감자구이,"감자구이 : 감자를 껍질째 혹은 껍질을 벗겨 구운 감자요리, 치즈나 케첩과 같은 소스를 뿌려먹기도 한다.",17
25,감자국,"감자국 : 먹기 좋은 크기로 썬 감자에 장국을 넣어 끓인 국 요리. 감자에 장국을 넣어 끓인 국으로 맛이 구수하면서 부드러워 과거부터 서민들이 즐겨 먹었던 음식이다.",13
26,감자된장국,"된장국 : 된장을 푼 국물에 고기나 어패류, 채소(감자) 등을 넣고 끓인 국이다.",13
27,감자볶음,"감자볶음 : 채 썬 감자와 양파를 식용유를 두른 팬에 볶다가 어슷하게 썬 파, 간장, 다진 마늘로 양념하여 볶은 것으로 설탕을 넣기도 한다.",18
28,감자샐러드,"감자샐러드 : 감자로 만든 샐러드 요리",22
29,감자전,"감자전 : 감자건더기와 앙금에 소금을 넣어 반죽하고 번철에 지진 전",26
30,감자조림,"감자조림 : 감자를 썰어 기름에 살짝 볶은 다음 간장과 설탕을 넣어 조린 구수하고 달콤한 음식이다.",19
31,감자채소볶음,"감자볶음 : 채 썬 감자와 양파를 식용유를 두른 팬에 볶다가 어슷하게 썬 파, 간장, 다진 마늘로 양념하여 볶은 것으로 설탕을 넣기도 한다.",18
32,감자크로켓,"크로켓 : 재료를 잘게 썰거나 으깨 달걀이나 소스를 넣고 빚은 뒤 달걀 푼 것과 빵가루를 묻혀 기름에 튀겨 낸 서양음식",6
33,감자탕,"감자탕 : 돼지 등뼈와 감자, 우거지, 갈은 들깨, 파, 마늘 따위의 양념을 넣어 진하고 맵게 끓인 탕",15
34,감자튀김,"감자튀김 : 감자를 잘라 기름에 튀긴 음식으로 소금, 케첩, 마요네즈, 그레이비소스 등을 곁들여 먹는다.",20
35,감잣국,"감잣국 : 된장을 푼 멸치장국국물에 부채꼴로 썬 감자를 넣고 끓이다가 어슷하게 썬 대파, 다진 마늘을 넣고 한소끔 끓인 국이다.",13
36,갑오징어무침,"오징어무침 : 내장을 제거한 갑오징어를 반 갈라 사선으로 칼집을 넣은 후 적당한 크기로 썰어 끓는 물에 데쳐서 초고추장 양념(고추장, 설탕, 식초, 다진 파ㆍ마늘ㆍ생강, 깨소금, 참기름)으로 무친 것이다.",24
37,갓김치,"갓김치 : 갓에 실파를 섞어서 고춧가루와 멸치젓을 많이 넣은 전라도식 김치",21
38,개고기무침,NULL,24
39,개고기전골,NULL,15
40,건취나물,"건취나물 : 취나물국화과에 속하는 풀인 취 중에서 식용 가능한 종류, 말린 것",23
41,건갈치조림,"갈치조림 : 토막 낸 갈치에 감자, 무 등을 넣고 고추장을 풀어 매콤하게 조린 요리",19
42,건새우볶음,"건새우볶음 : 말린 새우를 볶고나서 소금, 설탕을 뿌려 간을 맞춘다",18
43,건표고버섯볶음,"표고버섯볶음 : 말린 표고버섯을 부드럽게 불려서 양념하여 볶은 음식이다.",18
44,검정콩밥,"검은콩밥 : 검은콩과 쌀은 섞어지은 밥",1
45,게국지,"게국지김치 : 가을철에 얼갈이배추, 게국간장, 늙은 호박, 무, 홍고추, 쪽파 등을 넣어 담근 김치",13
46,게살죽,"게살죽 : 냄비에 참기름을 두르고 불린 쌀을 넣어 달달 볶다가 육수를 넣고, 마지막에 게살을 넣어 한소끔 끓인다.",3
47,경단,"경단 : 한국 고유의 떡",5
48,계란볶음밥,"계란볶음밥 : 고슬고슬하게 밥을 지은 뒤 계란과 함께 볶아 먹는 음식",1
49,고구마맛탕,"고구마맛탕 : 껍질을 벗겨 한 입 크기로 썬 고구마에 녹말가루를 묻혀 식용유에 튀겨 낸 뒤 설탕, 물엿 등으로 만든 시럽에 버무린 다음 검은깨를 뿌려 식힌 후식이다.",20
50,고구마전,"고구마전 : 얇게 썬 고구마에 밀가루를 묻혀 지진 것이다.",26
51,고구마줄기나물,"고구마줄기나물 : 고구마줄기로 볶아 먹는 나물",23
52,고구마튀김,"고구마튀김 : 고구마를 먹기 좋은 크기로 썰어 밀가루와 밀가루반죽을 묻혀 기름에 튀긴 음식이다.",20
53,고기만두,"고기만두 : 만두피나 만두소의 재료, 익히는 방법에 따라 다양한 만두가 있다.",4
54,고들빼기,"고들빼기김치 : 고들빼기를 주재료로 하여 여러 가지를 섞어서 만든 김치",21
55,고들빼기김치,"고들빼기김치 : 고들빼기를 주재료로 하여 여러 가지를 섞어서 만든 김치",21
56,고등어구이,"고등어구이 : 손질한 고등어를 석쇠나 팬에 구워 먹는 요리",17
57,고등어조림,"고등어조림 : 고등어를 토막내어 양념장을 넣고 조린 음식",19
58,고등어찌개,"고등어찌개 : 고추장, 된장을 푼 물을 팔팔 끓이다가 토막 낸 고등어와 납작하게 썬 무를 넣고 오랫동안 뭉근하게 끓인 후 어슷하게 썬 파, 다진 마늘ㆍ생강, 고춧가루로 양념하고 소금으로 간을 한 것이다.",15
59,고등어튀김,"고등어튀김 : 끓는 기름에 고등어를 밀가루에 묻혀 튀겨낸 요리",20
60,고로케,"고로케 : 고로케(コロッケ)는 으깬 감자, 볶은 양파, 다진 고기를 섞어 둥글게 빚은 후 밀가루, 달걀, 빵가루를 입혀 기름에 튀긴 일본 음식이다.",6
61,고사리나물,"고사리볶음 : 고사리에 식용유를 넣고 깨소금, 소금, 참기름을 넣어 살짝 볶아 낸 것",23
62,고추김밥,"고추김밥 : 김에 밥과 여러 가지 재료를 넣고 말아 싼 음식, 특히 고추가 들어간다.",2
63,고추볶음,"고추볶음 : 새우, 닭고기, 쇠고기 등과 함께 고추를 넣어 매콤하게 볶아낸 요리",18
64,고추잡채,"고추잡채 : 잘게 썬 돼지고기와 피망을 볶아 만든 중국 음식이다.",18
65,고추장마늘쫑장아찌,"마늘종장아찌 : 5~6월 햇 마늘이 나오기 시작하면서 제철인 마늘종을 소금에 살짝 절였다가 달인 간장에 담가 입맛 잃은 여름에 먹는 장아찌",29
66,고추장볶음,"볶음고추장 : 고추장에 다진 소고기 볶음과 꿀이나 설탕, 잣 등을 넣어 볶은 음식이다. 꿀이 들어가 약고추장이라고도 하는데, 흰밥에 반찬으로 올려 먹기도 하고, 비빔밥에 양념장으로 올리기도 한다.",18
67,고추장불고기삼각김밥,"고추장불고기 삼각김밥 : 소고기나 돼지고기를 고추장 등을 넣고 양념장에 버무려 구워먹는 불고기가 들어간 삼각김밥",2
68,고추장아찌,"고추장아찌 : 소금물에 삭힌 풋고추를 간장에 절여 만든 밑반찬",29
69,고추장찌개,"고추장찌개 : 고추장에 물을 조금 붓고, 생선·두부·미나리·파 등을 넣고 끓이는 찌개",15
70,고추전,"고추전 : 간 소고기와 두부에 양념을 하여 고루 섞은 것을 씨를 뺀 고추 안쪽에 채워 넣고, 밀가루와 달걀옷을 입혀지진 전이다.",26
71,고추조림,"고추부각조림 : 고추를 반으로 갈라 씨를 뺀 후 식초와 소금물에 하루 정도 담가 매운맛을 우려내고 밀가루와 쌀가루를 묻혀 찜솥에 쪄내어 햇볕에 말린 다음 식용유에 튀겨 간장에 버무린 다음 통깨를 뿌린 것이다.",19
72,고추튀김,"고추튀김 : 끓는 기름에 고추를 밀가루에 묻혀 튀겨낸 요리",20
73,고춧잎나물,"고춧잎나물 : 고춧잎을 갖은 양념에 볶아 먹는 나물 요리",23
74,곤드레나물밥,"곤드레밥 : 곤드레나물로 지은 밥",1
75,곤드레밥,"곤드레밥 : 곤드레나물로 지은 밥",1
76,곤약무침,"곤약무침 : 구약나물의 알줄기로 만든 가공식품에 채소와 같이 양념하여 무친 요리",24
77,골뱅이국수무침,"골뱅이무침 : 골뱅이에 잘게 찢은 황태포, 오이, 당근 등을 넣어 매콤하게 무친 요리. 국수와 같이 먹기도 한다.",24
78,골뱅이무침,"골뱅이무침 : 골뱅이에 잘게 찢은 황태포, 오이, 당근 등을 넣어 매콤하게 무친 요리",24
79,골뱅이무침소면,"골뱅이무침 : 골뱅이에 잘게 찢은 황태포, 오이, 당근 등을 넣어 매콤하게 무친 요리. 소면과 같이 먹기도 한다.",24
80,곰보빵,"곰보빵 : 빵 표면에 소보로 가루를 묻혀서 오븐에서 구운 달콤한 맛의 일본 빵",6
81,곰치국,"곰치국 : 곰치로 끓인 해장국",13
82,곰탕,"곰국 : 쇠고기와 내장을 넣고 끓이는 국",13
83,곱창순대볶음,"곱창순대볶음 : 곱창과 순대에 양배추, 양파, 깻잎, 대파 등을 넣어 매콤하게 볶아낸 요리",18
84,곱창전골,"곱창전골 : 소의 양, 소창, 대창, 양지머리를 양념해 채소와 섞어 육수를 부어 끓여 만든 음식",15
85,과일샐러드,"과일 샐러드 : 과일이 들어간 샐러드이다.",22
86,광어매운탕,"광어매운탕 : 광어에 채소, 두부, 고춧가루 양념장을 풀어 얼큰하게 끓인 매운탕이다.",13
87,광어초밥,"광어초밥 : 식초·소금·설탕으로 조미하여 둥글게 만든 밥위에 광어를 얹어 먹는 음식",2
88,국밥,"국밥 : 뚝배기에 더운밥을 담고 장국을 부어 파, 마늘을 넣어 먹는 밥이다.",1
89,군만두,"군만두 : 군만두는 만두를 빚어 기름에 구운 것으로, 찐만두에 비해 바삭한 맛이 매력이다.",4
90,굴국밥,"굴국밥 : 제철에 나는 싱싱한 굴을 주재료로 무, 두부, 양파, 멸치, 버섯 등을 넣어 끓인 국에 밥을 말아 먹는 국밥 요리다.",13
91,굴무국,"굴무국 : 다시마나 멸치를 우려만든 물에 쇠고기 조금과 무, 굴을 넣고 끓인 요리",13
92,굴무생채,"굴무생채 : 굴에 무를 채 썰어 식초, 설탕, 고춧가루 등의 양념을 넣고 무쳐 먹는 생채",24
93,굴무침,"굴무침 : 굴에 갖은 양념을 하여 무친 요리",24
94,굴비구이,"굴비구이 : 조기를 소금에 절여 말린 것을 굴비라 하며 전라남도 영광산 굴비를 최고로 친다.",17
95,굴전,"굴전 : 굴에 밀가루를 묻혀 기름에 지진 부침요리",26
96,굴짬뽕,"짬뽕 : 야채와 돼지고기, 해물 등을 기름에 볶아 닭이나 돼지뼈로 만든 육수를 넣고 끓인 중국식 요리",4
97,근대된장국,"된장국 : 쌀뜨물에 된장과 고추장을 풀어 끓인 국",13
98,기스면,"기스면[지쓰몐] : 닭고기 육수에 면을 말아 먹는 요리. 닭고기로 육수를 진하게 내서 가는 면을 말아 먹는 중국요리이다.",4
99,기장밥,"기장밥 : 기장쌀과 쌀을 함께 섞어 지은 밥",1
100,김말이튀김,"김말이튀김 : 삶은 당면과 당근, 양파를 식용유를 두른 팬에 볶은 후, 김은 4등분을 해 준비한다.",20
101,김무침,"김무침 : 김을 구워서 미나리와 볶은 쇠고기를 넣고 간장 양념에 무친 찬",24
102,김밥,"김밥 : 김에 밥과 여러 가지 재료를 넣고 말아 싼 음식",2
103,김치국,NULL,13
104,김치김밥,"김치김밥 : 흰밥을 소금과 참기름으로 간을 한 후, 김 위에 얇게 펴고, 단무지, 시금치나물, 달걀지단, 볶은 당근, 햄 등의 기본재료와 잘게 썬 김치를 넣어 같이 말아 한입 크기로 썰어 먹는 음식이다.",2
105,김치라면,NULL,4
106,김치만두,"김치만두 : 김치만두는 얇게 민 만두피에 잘게 썬 신 김치와 두부, 채소로 만든 소를 넣어 만든 것으로, 우리나라 사람들에게 가장 인기 있는 만두이다.",4
107,김치볶음,"김치볶음 : 신 김치를 파, 다진 마늘 등과 함께 식용유를 두른 팬에 볶는 반찬이다.",18
108,김치볶음밥,"김치볶음밥 : 김치를 재료로 만든 볶음밥",1
109,김치우동,NULL,4
110,김치전,"김치전 : 잘게 썬 김치를 밀가루, 계란으로 만든 반죽과 함께 부쳐 먹는 전 요리",26
111,김치전골,"김치전골 : 김치를 주 재료로 하여 만든 전골",15
112,김치찌개,"김치찌개 : 김치로 만든 한국 찌개류",15
113,김치콩나물국,"김치콩나물국 : 멸치 국물에 콩나물과 김치, 대파, 다진 마늘, 고춧가루를 넣어 끓인 국이다.",13
114,김칫국,"김칫국 : 멸치 국물에 신 김치와 두부, 콩나물을 넣고 칼칼하게 끓여 먹는 국이다.",13
115,김튀김,"김부각 : 김에 찹쌀풀을 발라 참깨와 고춧가루를 뿌려 말렸다 기름에 튀겨먹는 밑반찬",20
116,깍두기,"깍두기 : 무를 소금에 절인 후, 고춧가루를 버무리고 파·마늘 등의 양념을 넣고 담근 음식",21
117,깐쇼새우,NULL,20
118,깐풍기,"깐풍기 : 튀긴 닭고기에 매콤한 소스를 끼얹어 먹는 중국요리",20
119,깨송편,NULL,5
120,깨죽,NULL,3
121,깻잎김치,"깻잎김치 : 늦여름에 삭힌 깻잎, 무, 쪽파, 고춧가루, 멸치액젓 등으로 담근 김치",21
122,깻잎나물,"깻잎나물 : 깻잎을 끓는 물에 살짝 데쳐서 간장 버무려 볶아 먹는 숙채",23
123,깻잎나물볶음,"깻잎나물볶음 : 어린 깻잎을 살짝 데친 후 파, 마늘, 간장 양념을 넣어 볶는 음식으로, 깻잎 특유의 향이 입맛을 돋우는 나물이다.",18
124,깻잎장아찌,"깻잎장아찌 : 찐 깻잎을 간장에 숙성시킨 장아찌",29
125,깻잎전,"깻잎전 : 깻잎에 고기와 채소를 소로 넣어 만든 전",26
126,깻잎찜,"깻잎찜 : 깻잎에 양념장(간장, 고춧가루, 다진 파ㆍ마늘, 참기름, 깨소금)을 켜켜이 얹고 찜통에 찐 것이다.",16
127,꼬리곰탕,"꼬리곰탕 : 쇠꼬리를 푹 고아서 만든 한국 전래의 보양음식",13
128,꼬막찜,"꼬막무침 : 소금물에 데친 꼬막을 간장양념장이나 초고추장과 함께 먹는 숙회",16
129,꽁치구이,"꽁치구이 : 손질하여 칼집을 넣은 꽁치에 소금을 뿌려서 석쇠나 식용유를 두른 팬에 구운 음식이다.",17
130,꽁치김치찌개,"꽁치김치찌개 : 냄비에 기름을 두르고 신 김치와 마늘을 볶다가 육수를 넣고 김치가 무르면 쉽게 구할 수 있는 통조림 꽁치를 넣고, 고춧가루, 다진 마늘, 대파, 풋고추 등을 넣어 마무리한다.",15
131,꽁치조림,"꽁치조림 : 토막 낸 꽁치를 양념장(간장, 고춧가루, 다진 파ㆍ마늘)으로 조린 것이다.",19
132,꽁치찌개,NULL,15
133,꽃게콩나물찜,NULL,16
134,꽃게탕,NULL,15
135,꽈리고추멸치볶음,"꽈리고추멸치볶음 : 끓인 간장 양념(간장, 다진 마늘, 설탕, 식용유)에 데친 꽈리고추와 멸치를 넣어 볶아 참기름, 물엿, 통깨를 넣고 버무린 것이다.",18
136,꽈리고추찜,"꽈리고추찜 만드는 법 : 꽈리고추를 찜통에 찐 후 양념장에 곁들여 먹는 조리법",16
137,꽈배기,"꽈배기 : 반죽한 밀가루를 길게 늘여 두 가닥으로 꺾어 새끼 꼬듯이 꼬아 식용유에 튀겨 낸 유밀과",6
138,꿀떡,"꿀떡 : 찹쌀가루에 꿀을 섞어 체에 내린 뒤 밤, 대추, 잣 등을 켜켜이 넣고 찌거나 또는 찹쌀가루 반죽에 꿀이나 설탕을 넣고 모양을 빚어 만든 떡이다.",5
139,나박김치,"나박김치 : 배추와 무를 주재료로 해서 담근 국물김치",21
140,낙지덮밥,NULL,1
141,낙지무침,NULL,24
142,낙지볶음,"낙지볶음 : 낙지를 양념에 무친 후 센 불에 볶아낸 것",18
143,낙지전골,"낙지전골 : 낙지와 쇠고기에 양념을 넣어 끓이는 한국요리",15
144,낙지찜,"낙지찜 : 낙지에 고춧가루, 다진 마늘 등을 섞어 만든 양념장을 넣어 매콤하게 익히고 콩나물을 얹어 찐 음식이다.",16
145,낙지탕,NULL,13
146,난자완스,"난젠완쯔 : 쇠고기 또는 돼지고기를 다져서 완자를 만들어 튀긴 다음 야채와 함께 볶은 중국요리",18
147,날치알김밥,NULL,2
148,내장전골,"전골 : 여려 재료를 전골냄비에 넣어 간을 한 육수 부어 끓여 만든 음식",15
149,내장탕,"내장탕 : 돼지나 소의 내장으로 끓여낸 탕 요리이다.",15
150,냉김치말이국수,NULL,4
151,냉이나물,"냉이나물 : 냉이를 끓는 물에 살짝 데쳐서 초고추장 양념에 무쳐먹는 숙채",23
152,냉이된장국,"냉이된장국 : 쌀뜨물이나 멸치 육수에 된장을 풀어 끓이다가 냉이, 두부, 파를 넣고 한소끔 더 끓인 된장국이다.",13
153,냉이된장찌개,NULL,15
154,광어회덮밥,"넙치 : 가자미과에 속하는 납작한 바다 생선으로 주로 해안을 따라 서식한다.",1
155,노각무침,"노각무침 : 노각은 완전히 익어 표면의 색깔이 누렇게 된 늙은 오이를 말한다.",24
156,녹두빈대떡,"녹두지짐 : 녹두를 갈아서 고사리, 숙주 등 야채와 돼지고기, 김치를 넣고 기름에 지져내는 음식",26
157,느타리버섯무침,NULL,24
158,느타리버섯볶음,"느타리버섯볶음 : 데친 느타리버섯을 넣고 당근, 양파 같은 야채들을 채 썰어 함께 볶아 먹는다.",18
159,다시마무침,NULL,24
160,다시마튀각,"다시마튀각 : 손질한 다시마를 깨끗한 기름에 튀기고 통깨와 설탕을 뿌려 먹는 마른 찬",20
161,단무지,"단무지 : 소금에 절인 무를 쌀겨 등에 파묻어서 발효시킨 음식이다.",29
162,단무지무침,NULL,24
163,단호박샐러드,NULL,22
164,단호박찜,NULL,16
165,달걀국,"달걀국 : 끓는 물에 채 썬 양파와 다진 마늘, 소금을 넣고 끓이다가 달걀을 풀어 넣고 국물이 맑게 될 때까지 끓인 다음 어슷하게 썬 대파와 깨소금을 넣은 것이다.",13
166,달걀라면,NULL,4
167,달걀말이,"계란말이 : 계란을 풀어 간을 하고 기름 두른 팬에 얇게 펴서 돌돌 말아낸 한국 요리",26
168,달걀장조림,"달걀장조림 : 달걀을 삶아 껍질을 깐 다음 깍둑썰기 한 당근, 대파와 함께 간장, 설탕, 후춧가루를 넣고 조린 것이다.",19
169,달걀조림,NULL,19
170,달걀찜,"달걀찜 : 달걀을 풀어 물을 섞고 새우젓, 소금, 다진 파를 넣은 다음 솥에 중탕으로 찐 것이다.",16
171,달걀프라이,NULL,26
172,달걀후라이,NULL,26
173,달래나물무침,NULL,24
174,달래된장찌개,"달래된장찌개 : 된장을 푼 물에 달래와 갖은 채소를 넣어 끓인 찌개",15
175,달래무침,"달래무침 : 달래를 간장, 고춧가루, 깨소금, 참기름 등의 양념에 무쳐먹는 생채",24
176,닭가슴살샌드위치,NULL,10
177,닭가슴살샐러드,NULL,22
178,닭가슴살피망볶음,NULL,18
179,닭갈비,"춘천닭갈비 : 양념 고추장에 재워 둔 닭갈비를 양배추, 고구마, 당근, 파 위에 얹어 함께 볶은 것",17
180,닭강정,"닭강정 : 닭고기를 기름에 튀긴 후 양념장에 조린 강정요리",20
181,닭개장,"육개장 : 쇠고기를 삶아서 찢어 양념하여 맵게 끓이는 국",13
182,닭고기냉채,NULL,24
183,닭고기덮밥,NULL,1
184,닭고기볶음,NULL,18
185,닭고기육개장,"육개장 : 쇠고기를 삶아서 찢어 양념하여 맵게 끓이는 국",13
186,닭고추장조림,NULL,19
187,닭곰탕,"닭곰탕 : 닭을 손질하여 찬물에 넣고 푸욱 무르도록 익힌 후 고기는 살만 발라 양념을 해서 다시 닭 육수에 넣어 끓인 음식이다.",13
188,닭구이,"닭구이 : 닭고기를 저며 소금을 뿌리고 양념을 하여 구운 것",17
189,닭꼬치,NULL,17
190,닭날개구이,"닭구이 : 닭고기를 저며 소금을 뿌리고 양념을 하여 구운 것",17
191,닭날개튀김,NULL,20
192,닭다리구이,NULL,17
193,닭도리탕,"닭볶음탕 : 닭과 감자를 먹기 좋게 도막 내어 냄비에 넣고 매운 양념장과 버무려 바특하게 끓여 낸 닭고기 요리",19
194,닭모래집볶음,NULL,18
195,닭발구이,NULL,17
196,닭발볶음,NULL,18
197,닭백숙,"닭 백숙 : 손질한 닭에 물을 붓고 끓인 후 여기에 씻어 놓은 찹쌀과 마늘, 인삼을 넣어 끓인 국",13
198,닭볶음,"닭볶음 : 토막 내어 데친 닭고기, 감자, 당근에 고추장 양념(고추장, 고춧가루, 간장, 설탕, 다진 파ㆍ마늘ㆍ생강, 후춧가루)을 넣고 물을 부어 끓이다가 양파와 풋고추, 붉은 고추를 넣고 한소끔 더 끓인 것이다.",18
199,닭볶음탕,"닭볶음탕 : 닭과 감자를 먹기 좋게 도막 내어 냄비에 넣고 매운 양념장과 버무려 바특하게 끓여 낸 닭고기 요리",15
200,닭조림,"닭조림 : 토막 낸 닭과 깍둑썰기 한 당근ㆍ감자ㆍ양파, 어슷하게 썬 수삼ㆍ붉은 고추에 간장 양념(간장, 다진 마늘ㆍ생강, 설탕, 물엿, 참기름, 물)을 넣고 조린 것을 말하며, 그릇에 담아 낼 때 고명으로 잣을 올린다.",19
201,닭죽,"닭죽 : 닭에 물을 부어 고은 다음 육수에 닭고기 찢은 것과 불린 쌀을 함께 넣어 끓인 음식",3
202,닭찜,"안동찜닭 : 경상북도 안동에서 유래한 음식으로 삶은 닭에 소스 온갖 채소와 양념을 섞어 졸인 요리",16
203,닭칼국수,"닭칼국수 : 닭을 고아서 우려낸 육수에 칼국수를 넣어 끓인 후, 닭고기 살을 발라 양념한 것을 올려 먹는 음식이다.",4
204,닭튀김,NULL,20
205,당근볶음,NULL,18
206,대구매운탕,NULL,15
207,대구볼찜,"대구볼찜 : 대구머리와 콩나물에 고운 고춧가루, 다진 마늘, 소금, 물을 넣고 끓이다가 양념장(생강즙, 국간장, 청주, 육수, 참기름, 깨소금, 후춧가루)에 찹쌀가루를 섞어 넣고 걸쭉하게 익혀 미나리와 대파를 넣은 것이다.",16
208,대구지리탕,NULL,13
209,대구찜,NULL,16
210,대구포,NULL,25
211,대합미역국,NULL,13
212,더덕구이,"더덕구이 : 더덕으로 하는 한국요리",17
213,더덕무침,"더덕무침 만드는 법 : 더덕에 갖은 양념을 하여 무친 요리",24
214,더덕장아찌,"더덕장아찌 : 고추장에 박아 둔 더덕에 간이 배이면 꺼내서 찢어 참기름, 설탕 등을 넣어 무친 장아찌",29
215,도가니탕,"도가니탕 만드는 법 : 소의 무릎뼈를 고아 만드는 보양음식의 조리법",13
216,도넛,NULL,6
217,도라지나물,"도라지나물 : 도라지로 만든 나물",23
218,도라지생채,"도라지생채 : 손질한 생도라지에 설탕, 식초, 고춧가루 등을 넣어 맛을 낸 생채",24
219,"도라지생채,오이","도라지생채 : 손질한 생도라지에 설탕, 식초, 고춧가루 등을 넣어 맛을 낸 생채",24
220,"도라지생채,오징어채","도라지생채 : 손질한 생도라지에 설탕, 식초, 고춧가루 등을 넣어 맛을 낸 생채",24
221,도라지오이생채,NULL,24
222,도미구이,"도미구이 : 손질한 도미를 참기름을 발라가며 석쇠에 구운 음식이다.",17
223,도미찜,NULL,16
224,도토리묵,"도토리묵 : 곱게 간 도토리가루를 물에 담가서 떫은맛을 우려낸 후, 앙금만 모아서 끓이고 식혀서 굳힌 것",31
225,도토리묵무침,"도토리묵무침 : 도토리묵을 쑤어 야채를 넣고 양념간장에 무쳐 낸 묵무침",24
226,도토리묵말이,NULL,31
227,돈까스김밥,NULL,2
228,돌나물,"돌나물 : 돌나물은 봄철 대표적인 나물인데요.",24
229,돌나물무침,NULL,24
230,돌나물물김치,"돌나물물김치 : 돌나물에 미나리, 당근, 무, 생강, 마늘로 양념하여 고춧가루로 만든 국물을 부어 담근 김치",21
231,돌솥비빔밥,"돌솥비빔밥 : 곱돌솥에 밥을 하여 여러 가지 재료를 넣고 따뜻하게 먹는 비빔밥",1
232,동그랑땡,"동그랑땡 : 동그랑땡은 고기 완자 전을 말하는데, 동그랗게 생긴 모양으로 인해 부르게 된 명칭이다.",26
233,동치미,"동치미 : 통째 또는 크게 썬 무를 잠깐 절여 국물을 흥건하게 하여 심심하게 담근 김치",21
234,동태국,NULL,13
235,동태까스,NULL,20
236,동태매운탕,NULL,15
237,동태전,"동태전 : 소금, 후춧가루로 밑간한 동태포에 밀가루와 달걀물을 입혀 식용유를 두른 팬에 지진 것이다.",26
238,동태조림,NULL,19
239,동태찌개,"동태찌개 : 끓는 물에 된장, 고추장을 풀어 한소끔 끓으면 나박썰기 한 무와 토막 낸 동태를 넣고 끓이다가 다진 마늘ㆍ생강, 고춧가루, 채 썬 양파, 두부를 넣고 끓여 소금으로 간한 것이다.",15
240,동태찜,"동태찜 : 명태를 급속 냉동시킨 것이 동태다.",16
241,돼지갈비,NULL,17
242,돼지갈비구이,"돼지갈비구이 : 돼지갈비로 만든 구이요리",17
243,간장돼지갈비구이,"돼지갈비구이 : 돼지갈비로 만든 구이요리",17
244,돼지갈비찜,"돼지갈비찜 : 돼지갈비를 이용해서 만든 찜",16
245,돼지고기메추리알장조림,NULL,19
246,돼지고기수육,"돼지고기 수육 : 돼지고기 덩어리를 된장, 소주 등을 넣어 삶아낸 뒤 썰어 새우젓, 초고추장과 곁들여 먹는 음식",16
247,돼지고기김치볶음,NULL,18
248,돼지고기김치찌개,"김치찌개 : 김치로 만든 한국 찌개류",15
249,돼지고기김치찜,NULL,16
250,돼지고기녹두빈대떡,"빈대떡 : 간 녹두에 김치, 돼지고기를 넣고 납작하게 부쳐 먹는 평안도의 전통음식",26
251,돼지고기덮밥,NULL,1
252,돼지고기볶음,"돼지고기볶음 : 돼지고기를 얇게 저며 생강즙을 넣은 고추장 양념에 재웠다가 볶은 음식이다.",18
253,"돼지고기볶음,배추김치","돼지고기볶음 : 돼지고기를 얇게 저며 생강즙을 넣은 고추장 양념에 재웠다가 볶은 음식이다.",18
254,버섯돼지고기볶음,"돼지고기볶음 : 돼지고기를 얇게 저며 생강즙을 넣은 고추장 양념에 재웠다가 볶은 음식이다.",18
255,오징어돼지고기볶음,"돼지고기볶음 : 돼지고기를 얇게 저며 생강즙을 넣은 고추장 양념에 재웠다가 볶은 음식이다.",18
256,짜장돼지고기볶음,"돼지고기볶음 : 돼지고기를 얇게 저며 생강즙을 넣은 고추장 양념에 재웠다가 볶은 음식이다.",18
257,돼지고기산적,"돼지고기산적 : 소금과 된장을 넣은 물에 삶은 돼지고기를 썰어 양념(다진 파ㆍ마늘, 소금, 깨소금, 참기름)하여 꼬치에 꿰어 식용유를 두른 팬에 지진 것이다.",17
258,돼지고기완자전,"돼지고기완자전 : 다진 돼지고기ㆍ양파ㆍ당근, 으깬 두부에 소금, 다진 파ㆍ마늘, 참기름, 후춧가루를 넣고 양념하여 동글납작하게 완자를 빚어 밀가루와 달걀물을 묻혀 식용유를 두른 팬에 지진 것이다.",26
259,돼지고기장조림,"돼지고기장조림 : 돼지고기를 토막 내어 생강, 물, 파, 마늘을 넣고 고기를 푹 삶은 다음 간장과 설탕을 넣어 은근한 불에 조린 것이다.",19
260,"돼지고기장조림,메추리알","돼지고기장조림 : 돼지고기를 토막 내어 생강, 물, 파, 마늘을 넣고 고기를 푹 삶은 다음 간장과 설탕을 넣어 은근한 불에 조린 것이다.",19
261,돼지고기찌개,"돼지고기찌개 : 납작하게 썬 돼지고기와 배추김치, 나박썰기 한 무, 채 썬 양파, 고추장, 고춧가루, 다진 생강을 넣고 물을 부어 끓이다가 납작하게 썬 두부를 넣고 다진 마늘, 대파, 소금, 후춧가루로 양념하여 끓인 것이다.",15
262,돼지고기찜,NULL,16
263,돼지고기채소볶음,NULL,18
264,돼지국밥,"돼지국밥 : 돼지 뼈로 우려낸 육수에 돼지고기 편육과 밥을 넣어 먹는 국밥류",1
265,돼지껍데기볶음,"돼지껍데기볶음 : 돼지 껍데기는 돼지의 껍데기 부분으로, 삶아서 매콤하게 볶아 먹는다.",18
266,돼지등갈비찜,NULL,16
267,돼지머리고기,"돼지머리편육 : 돼지머리를 이용한 편육요리",16
268,돼지불고기,"제육볶음 : 돼지고기 목살을 얇게 저며 잔 칼집을 넣고 생강즙을 충분히 넣은 고추장 양념에 재웠다 볶은 대표적인 고추장 양념 볶음",17
269,간장돼지불고기,"제육볶음 : 돼지고기 목살을 얇게 저며 잔 칼집을 넣고 생강즙을 충분히 넣은 고추장 양념에 재웠다 볶은 대표적인 고추장 양념 볶음",17
270,고추장돼지불고기,"제육볶음 : 돼지고기 목살을 얇게 저며 잔 칼집을 넣고 생강즙을 충분히 넣은 고추장 양념에 재웠다 볶은 대표적인 고추장 양념 볶음",17
271,된장찌개,"된장찌개 : 된장을 푼 물에 갖은 재료를 넣어 끓인 찌개",15
272,두릅초고추장무침,NULL,24
273,두부고추장찌개,NULL,15
274,두부김치,"두부김치 : 따뜻하게 데친 두부에 김치와 돼지고기를 볶아 곁들인 음식",18
275,돼지고기두부김치,"두부김치 : 따뜻하게 데친 두부에 김치와 돼지고기를 볶아 곁들인 음식",18
276,두부된장국,NULL,13
277,두부된장찌개,"된장찌개 : 된장을 푼 물에 갖은 재료를 넣어 끓인 찌개",15
278,두부부침,NULL,26
279,두부전,"두부전 : 두부전은 콩이 좋은 함경도에서 두부지지미, 두부저냐, 연포전 등으로 불리우며 제사상에는 빠지지 않고 반드시 올리는 아주 친숙한 찬물이다.",26
280,두부전골,"두부전골 : 두부를 이용한 전골요리",15
281,두부조림,"두부조림 : 두부로 만든 조림 요리",19
282,들깨국,NULL,13
283,들깨칼국수,"들깨칼국수 : 들깨 즙을 물과 함께 끓이다가 칼국수를 넣고 애호박과 표고버섯을 고명으로 얹은 국수",4
284,등심돈가스,NULL,20
285,등심돈까스,NULL,20
286,등심스테이크,NULL,17
287,땅콩조림,"땅콩조림 : 끓인 콩이 반쯤 익으면 멸치국물, 진간장 등을 넣어 섞고 졸인 것",19
288,떡갈비,"떡갈비 : 갈비살을 곱게 다져 갈비뼈에 붙여 양념장을 발라가며 구워 먹는 구이요리",26
289,떡강정,NULL,20
290,떡국,"떡국 : 맑은 장국에 가래떡을 얄팍하게 썰어 넣어 끓인 국",13
291,"떡국,달걀","떡국 : 맑은 장국에 가래떡을 얄팍하게 썰어 넣어 끓인 국",4
292,"떡국,소고기","떡국 : 맑은 장국에 가래떡을 얄팍하게 썰어 넣어 끓인 국",4
293,떡라면,"떡라면 : 떡을 넣고 끓인 라면",4
294,떡만두국,"떡만둣국 : 만두와 먹기 좋은 크기로 썬 가래떡을 넣어 끓인 국 요리",13
295,"떡만두국,고기만두",NULL,4
296,떡만둣국,"떡만둣국 : 만두와 먹기 좋은 크기로 썬 가래떡을 넣어 끓인 국 요리",13
297,떡볶이,"떡볶이 : 가래떡을 잘라 쇠고기와 야채를 섞고 갖은양념하여 볶은 음식",5
298,간장떡볶이,"떡볶이 : 가래떡을 잘라 쇠고기와 야채를 섞고 갖은양념하여 볶은 음식",18
299,"떡볶이,고추장,메추리알","떡볶이 : 가래떡을 잘라 쇠고기와 야채를 섞고 갖은양념하여 볶은 음식",18
300,"떡볶이,고추장,어묵","떡볶이 : 가래떡을 잘라 쇠고기와 야채를 섞고 갖은양념하여 볶은 음식",18
301,라면,NULL,4
302,라볶이,"라볶이 : 떡과 채소, 어묵을 넣고 고추장 양념에 볶는 떡볶이에 라면을 함께 넣고 끓이는 음식이다.",5
303,라조기,"라조기 : 튀긴 닭고기를 여러 야채와 함께 볶은 중국요리",20
304,런천미트구이,NULL,17
305,롤케이크,NULL,6
306,링도넛,NULL,6
307,마늘빵,"갈릭브레드 : 마늘버터를 발라 구운 프랑스빵",6
308,마늘장아찌,"마늘 장아찌 : 통마늘을 식초, 설탕, 간장에 숙성시키는 장아찌",29
309,마늘장아찌무침,NULL,24
310,마늘쫑무침,NULL,24
311,마늘쫑볶음,NULL,18
312,마늘쫑건새우볶음,NULL,18
313,마늘쫑잔멸치볶음,NULL,18
314,마늘쫑조림,NULL,19
315,마카로니샐러드,NULL,24
316,마파두부,NULL,18
317,막국수,"막국수 : 메밀국수를 김칫국물에 말아 먹는 강원도 향토음식",4
318,만두,"만두 : 밀가루나 메밀가루 반죽으로 껍질을 만들어 고기 ·두부 ·김치 등으로 버무린 소를 넣고 찌거나 튀긴 음식",4
319,만두국,"만둣국 : 만두를 빚어 장국에 넣어 끓인 국",4
320,만둣국,"만둣국 : 만두를 빚어 장국에 넣어 끓인 국",13
321,만주,"만주 : 일본과자 중 생과자(生菓子)의 하나.",6
322,맑은감자국,NULL,13
323,맛살전,NULL,26
324,매생이국,"매생이국 : 굴과 다진 마늘을 참기름에 볶아 굴의 향이 우러나면 매생이를 넣고 물을 부어 살짝 끓인 뒤 국간장으로 간한 국이며 매생이탕이라고도 한다.",13
325,매실장아찌,"매실장아찌 : 소금에 절인 매실과 차조기 잎을 혼합해 서늘한 곳에 두었다 먹는 장아찌",29
326,매운갈비찜,"매운갈비찜 : 미리 삶아낸 돼지갈비나 소갈비에 고추장 양념장과 감자, 당근 등의 채소를 넣고 조려낸 찜이다.",16
327,매운찜닭,"안동찜닭 : 경상북도 안동에서 유래한 음식으로 삶은 닭에 소스 온갖 채소와 양념을 섞어 졸인 요리",16
328,매작과,"매작과 : 매작과는 그 모양이 '마치 매화나무에 참새가 앉은 모습과 같다'하여 한자로 매화 매(梅), 참새 작(雀) 자(字)를 써서 매작과(梅雀菓)라고 하는데 매잣과 · 매잡과(梅雜菓) · 매엽과(梅葉菓) · 타래과 등 여러 이름으로 불리며 손님접대용의 다과상이나 어린이들 간식용으로 많이 쓰인다.",11
329,머위나물볶음,"머위나물볶음 : 머위는 줄기와 잎을 분리해 삶아서 사용한다.",18
330,머위대나물,NULL,23
331,머핀,"컵케이크 : 밀가루 ·설탕 ·달걀 ·유지 ·우유 ·베이킹 파우더 등을 섞어서 구워 만든 과자",6
332,멍게비빔밥,"멍게비빔밥 : 그릇에 밥과 각종 나물, 고기, 달걀, 고추장 등을 넣고 비벼 먹는 비빔밥에 멍게를 넣은 밥이다.",1
333,메기매운탕,"메기매운탕 : 썬 무를 넣고 끓인 국물에 메기를 넣고 고추장을 풀고 미나리, 쑥갓, 깻잎, 양념고추장을 넣어 끓인 탕",13
334,"메기매운탕,해물","메기매운탕 : 썬 무를 넣고 끓인 국물에 메기를 넣고 고추장을 풀고 미나리, 쑥갓, 깻잎, 양념고추장을 넣어 끓인 탕",15
335,메밀국수,"메밀국수 : 메밀가루를 주원료로 한 국수",4
336,메밀소바,NULL,4
337,메밀전,NULL,26
338,메밀전병,"메밀전병 : 메밀가루를 묽게 반죽해서 무, 고기 등을 소로 넣고 말아 익히는 떡",26
339,메추리알장조림,NULL,19
340,멸치견과류볶음,"멸치견과류볶음 : [준비 재료] 지리멸치 1컵(종이컵), 호두알 3큰술, 호박씨(국산) 3큰술, 잣 3큰술, 미역귀 3큰술(10g, 없으면 안 넣어도 됨), 검정깨 1큰술, 조청 1큰술(사용량 감해도 됨), 참기름 1큰술 양념장 간장 1큰술, 고춧가루 1작은술, 매실주 3큰술, 매실 원액 5큰술, 다진 마늘 2작은술, 생강가루 1작은술 [조리 순서] [조리 방법] 1.",18
341,멸치고추볶음,NULL,18
342,멸치마늘쫑볶음,NULL,18
343,멸치볶음,"멸치볶음 : 마른 잔멸치를 물기 없이 볶아 만든 마른 반찬 종류다.",18
344,멸치조림,NULL,19
345,멸치주먹밥,NULL,2
346,모닝빵,NULL,6
347,모듬찰떡,NULL,5
348,모래집튀김,NULL,20
349,모자반무침,"모자반무침 : 방법 1 : 데친 모자반과 쪽파, 붉은 고추, 풋고추를 양념(멸치젓, 고춧가루, 다진 마늘, 참기름)으로 무친 것이다.",24
350,모카빵,"모카빵 : 양질의 커피를 함유한 빵.",6
351,무국,"뭇국 : 다시마나 멸치를 우려만든 물에 쇠고기조금과 무를 넣고 끓인 요리",13
352,무나물,"무나물 : 무를 채 썰어서 볶다가 물을 넣고 무르게 익힌 숙채",23
353,무된장국,"무된장국 : 멸치나 소고기육수에 된장을 풀고, 무를 넣어 끓이는 국이다.",13
354,무말랭이무침,"무말랭이무침 : 무말랭이를 무쳐 만든 반찬의 하나",24
355,무밥,"무밥 : 밥솥이나 냄비에 무채를 깔고 그 위에 쌀을 고루 펴서 앉히고 밥물을 부어 지은 밥",1
356,무생채,"무생채 : 무를 채 썰어 식초, 설탕, 고춧가루 등의 양념을 넣고 무쳐 먹는 생채",24
357,무시래기된장국,"된장국 : 쌀뜨물에 된장과 고추장을 풀어 끓인 국",13
358,무장아찌,"무장아찌 : 소금에 절여 물기를 뺀 무를 고추장이나 간장으로 숙성시킨 장아찌",29
359,무조림,NULL,19
360,무지개떡,"무지개떡 : 멥쌀가루를 물들이고자 하는 색의 수대로 나누어 색물을 들여 찌는 떡",5
361,무짠지,"짠지 : 무를 통으로 짜게 절여 이듬해에 먹는 김치",29
362,묵밥,"묵밥 : 도토리묵은 소화가 잘되며 다이어트에 좋은 식품이다.",1
363,묵은지삼겹살볶음,NULL,18
364,문어숙회,"문어숙회 : 문어를 끓는 물에 살짝 데쳐 어슷하게 썬 후, 초고추장이나 기름소금장에 찍어 먹는 음식이다.",16
365,문어초밥,NULL,2
366,물냉면,"물냉면 : 메밀국수를 찬 장국에 말아먹는 평양지방의 향토음식",4
367,물만두,"물만두 : 물만두는 돼지고기, 부추, 대파 등을 다져 만든 소를 밀가루 피에 감싸 빚은 후 끓는 물이나 육수에 삶아 국물과 함께 먹는 만두이다.",4
368,물회,"물회 : 해산물을 잘게 썰어, 파, 마늘, 양파 등과 함께 매콤하게 양념하여 찬물을 부어 먹는 회 요리",28
369,미나리나물,"미나리나물 : 미나리를 끓는 물에 데쳐 갖은 양념으로 무친 나물이다.",23
370,미나리무침,"미나리나물 : 미나리를 볶아서 양념한 숙채 요리",24
371,미나리전,"미나리전 : 식용유를 두른 팬에 미나리를 올리고, 밀가루와 쌀가루, 달걀물, 소금을 넣은 반죽을 끼얹은 다음 양념(다진 파ㆍ마늘, 소금, 깨소금, 후춧가루, 참기름)하여 볶은 쇠고기와 어슷하게 썬 풋고추ㆍ붉은 고추를 올려 지진 것이다.",26
372,미소된장국,NULL,13
373,미숫가루,"미숫가루 : 찹쌀 ·멥쌀 또는 보리쌀을 쪄서말린 다음 다시 볶아서 가루로 만든 식품",12
374,미역국,"미역국 : 미역을 넣어 끓인 국",13
375,들깨미역국,"미역국 : 미역을 넣어 끓인 국",13
376,바지락미역국,"미역국 : 미역을 넣어 끓인 국",13
377,소고기미역국,"미역국 : 미역을 넣어 끓인 국",13
378,홍합미역국,"미역국 : 미역을 넣어 끓인 국",13
379,미역냉국,"미역냉국 : 냉수에 불린 미역과 채 썬 오이를 넣고, 간장, 식초로 간을 한 냉국이다.",14
380,"미역냉국,오이,고추","미역냉국 : 냉수에 불린 미역과 채 썬 오이를 넣고, 간장, 식초로 간을 한 냉국이다.",13
381,미역된장국,NULL,13
382,미역오이냉국,"미역오이냉국 : 불린 미역을 썰어 찬물을 붓고 채 썬 오이, 어슷하게 썬 풋고추ㆍ붉은 고추를 넣은 후 소금, 식초, 설탕 등을 넣어 간을 한 것이다.",14
383,미역줄기볶음,"미역줄기볶음 : 미역줄기는 미역의 줄기를 얇고 길게 쪼개 놓은 것이다.",18
384,미역초무침,"미역초무침 : 데친 미역에 소금, 설탕, 식초를 넣고 상큼하게 간을 한 음식이다.",24
385,미역튀각,NULL,20
386,미트볼토마토스파게티,NULL,4
387,미트볼조림,NULL,19
388,민어찜,"민어찜 : 민어를 손질하여 통으로 또는 토막을 내어 찐 후 고명을 얹은 음식이다.",16
389,바지락조개국,NULL,13
390,바지락칼국수,"바지락칼국수 : 바지락조개를 넣어 만든 칼국수",4
391,방풍나물,"방풍 : 쌍떡잎식물 산형과의 세해살이풀",23
392,배추겉절이,"배추겉절이 : 소금으로 절인 배추에 갖가지 양념을 넣어 버무려 만든 즉석 김치",24
393,배추김치,"배추김치 : 배추를 주재료로 하여 소금에 절여 헹군 뒤 양념을 넣고 담그는 김치",21
394,배추나물,NULL,23
395,배추된장국,"배추속대국 : 배추속대를 넣고 끓인 토장국",13
396,배추전,"배추전 : 배추에 밀가루 반죽을 묻혀 식용유를 두른 팬에 지진 것",26
397,백김치,"백김치 : 백김치는 배추에 고춧가루를 쓰지 않고 무채, 밤, 배, 대추, 석이버섯, 실고추 등으로 속을 넣고 양지머리 육수나 과즙의 국물을 자작하게 부어 익힌 깨끗하고 시원한 김치로 담백한 맛이 일품이다.",21
398,백설기,"백설기 : 멥쌀가루에 물 또는 설탕물을 내려서 시루에 안쳐 깨끗하게 찐 한국 전래의 시루떡",5
399,밴댕이무침,NULL,24
400,뱅어포구이,"뱅어포구이 : 마른 뱅어포를 고추장 양념을 발라 굽는 찬",17
401,버섯구이,NULL,17
402,버섯샤브샤브,NULL,15
403,버섯전,"버섯전 : 버섯으로 부친 전",26
404,버섯전골,"버섯전골 : 버섯·쇠고기·채소 등을 그릇에 담아 국물을 부어 끓인 음식",15
405,버섯조림,NULL,19
406,버섯찌개,NULL,15
407,버터크림빵,NULL,6
408,베이글,"빵 : 곡식 가루에 소금·설탕·기름·베이킹파우더나 이스트를 넣어 반죽하여 부풀려 굽거나 찐 음식",6
409,병어구이,"병어구이 : 칼집을 넣고 소금을 살짝 뿌린 병어를 달군 석쇠에 구운 다음 고명으로 송송 썬 실파와 실고추를 얹는다.",17
410,병어조림,"병어조림 : 병어에 감자, 고추 등을 넣은 뒤 고추장을 풀어 매콤하게 조린 요리",19
411,병어찜,"병어찜 : 손질한 병어를 쪄서 양념을 올려 먹는 찜 요리",16
412,보리밥,"보리밥 : 푹 퍼지게 삶은 보리쌀을 깔고 그 위에 불린 쌀을 안쳐 물을 부어 지은 밥이다.",1
413,보쌈김치,"보쌈김치 : 절인 배추 줄기를 잘라 넓은 잎에 세워놓고 사이사이에 소를 박아 싸서 익힌 김치",21
414,복지리탕,NULL,13
415,복찜,"복찜 : 손질한 복어를 야채와 함께 양념하여 자작하게 조려낸 찜 요리.",16
416,볶음우동,"야키소바 : 삶은 국수에 야채·고기 등을 넣고 볶은 일본요리",4
417,부대찌개,"부대찌개 : 6·25전쟁 직후 미국부대에서 쓰고 남은 햄과 소시지를 이용하여 끓여 먹은 찌개",15
418,부추김치,"부추김치 : 부추를 멸치젓국에 살짝 절였다가 따라낸 젓국에 생강, 마늘, 고춧가루 등을 넣어 부추와 함께 버무려서 담근 김치",21
419,부추무침,"부추무침 : 부추를 썰어 고춧가루, 다진 파 · 마늘, 멸치액젓 등의 양념으로 무친 것이다.",24
420,부추전,"부추전 : 부추와 채 썬 당근, 어슷하게 썬 풋고추에 밀가루 반죽을 섞어 식용유를 두른 팬에 둥글납작하게 지진 것이다.",26
421,해물부추전,"부추전 : 부추와 채 썬 당근, 어슷하게 썬 풋고추에 밀가루 반죽을 섞어 식용유를 두른 팬에 둥글납작하게 지진 것이다.",26
422,북어국,NULL,13
423,북어조림,"북어조림 : 북어를 갖은 양념으로 약한불에서 조린 음식",19
424,북어찜,"북어찜 : 불린 북어포에 간장 양념을 끼얹어 물을 부어 끓인 것이다.",16
425,북어채무침,"북어채무침 : 북어는 명태를 건조한 것으로, 씹는 맛이 좋다.",24
426,북어포,"북어포무침 : 가늘게 북어포를 잘라서 고춧가루를 넣어 매운 맛으로 무친 마른 찬",25
427,북엇국,"북엇국 : 찢어 불린 북어포와 나박썰기 한 무를 참기름에 볶다가 물을 부어 끓으면 두부를 넣고 한소끔 끓인다.",13
428,불고기,"불고기 : 쇠고기 등을 얇게 저며서 양념에 재웠다가 불에 구워 먹는 한국 요리",17
429,불고기덮밥,"불고기덮밥 : 얇게 썬 소고기와 채소를 간장 양념 해 버무려 볶은 불고기를 밥 위에 얹어 먹는 음식이다.",1
430,불고기버거,NULL,7
431,불고기피자,NULL,8
432,불낙전골,NULL,15
433,붕어찜,"붕어찜 : 무와 시래기를 깔고 붕어에 양념장을 얹어 끓여 졸인 찜",16
434,붕장어소금구이,NULL,17
435,브로콜리볶음,NULL,18
436,비름나물,"비름나물 : 살짝 데친 비름을 기호에 따라 간장 양념(간장, 참기름, 다진 마늘, 깨소금), 된장 양념(된장, 고춧가루, 참기름, 다진 마늘), 고추장 양념(고추장, 식초, 참기름, 다진 마늘, 깨소금, 설탕)으로 무친 것이다.",23
437,비빔국수,"비빔국수 : 국물을 넣지 않고 여러 가지 양념을 넣어 비빈 국수",4
438,비빔냉면,"비빔냉면 : 홍어회무침을 꾸미로 얹은 비빔냉면",4
439,비빔막국수,NULL,4
440,비빔밥,NULL,1
441,뼈다귀해장국,NULL,13
442,뼈해장국,"뼈해장국 : 소뼈와 소고기를 넣고 끓인 국물에 데친 선지와 쇠고기 등을 얹어낸 해장국",13
443,사골국,NULL,13
444,사골만두국,NULL,13
445,사과파이,"애플파이 : 파이 접시 위에 설탕 조림한 사과를 싸 오븐에 구운 서양과자",6
446,삼겹살고추장구이,NULL,17
447,삼겹살구이,"삼겹살구이 : 삼겹살을 팬에 구워 소금, 참기름을 곁들인 것",17
448,삼계탕,"삼계탕 : 닭에 인삼을 넣고 고아서 먹는 보양식",13
449,삼선볶음밥,NULL,1
450,삼선짜장면,"짜장면 : 돼지고기 간것과 양파, 호박, 생강 등을 다져 중국된장과 함께 볶은 양념을 국수에 넣어 비벼 먹는 요리",4
451,삼선짬뽕,NULL,4
452,삼치구이,"삼치구이 : 손질한 삼치를 팬이나 석쇠에 구워 먹는 요리",17
453,삼치조림,NULL,19
454,상추겉절이,"상추겉절이 : 상추에 양념을 넣고 무친 겉절이",24
455,새송이버섯구이,"새송이버섯구이 : 송이버섯구이는 원래 송이버섯 그 자체의 향기와 맛을 음미하여 한철만 즐길 수 있는 귀한 요리이다.",17
456,새송이버섯볶음,NULL,18
457,새송이버섯전,NULL,26
458,새싹채소샐러드,NULL,22
459,새우구이,"새우구이 : 팬에 굵은 소금을 깔고 깨끗이 씻어 등 쪽의 내장을 빼낸 새우를 얹은 다음 소금으로 새우를 덮은 후 팬의 뚜껑을 닫고 구워 낸 요리로 술안주에 좋다.",17
460,새우미역국,NULL,13
461,새우볶음,NULL,18
462,새우볶음밥,NULL,1
463,새우젓두부찌개,NULL,15
464,새우초밥,NULL,2
465,새우탕,"새우탕 : 손질한 새우를 갖은 야채와 함께 얼큰하게 끓인 한국의 탕 요리",13
466,새우탕수육,NULL,20
467,새우튀김,"새우튀김 : 새우 껍질을 까고 밀가루, 달걀, 빵가루를 묻혀서 기름에 튀긴 것이다.",20
468,새우튀김롤,NULL,2
469,샐러드김밥,"샐러드김밥 : 김밥 속에 양상추, 파프리카와 새싹채소 등을 넣어 싼 김밥이다.",2
470,생선까스,NULL,20
471,생크림케이크,NULL,6
472,선지해장국,"선짓국 : 선지와 채소를 넣고 끓인 국",13
473,선짓국,"선짓국 : 선지와 채소를 넣고 끓인 국",13
474,설렁탕,"설렁탕 : 소의 여러 부위를 함께 넣고 푹 끓인 국, 또는 그 국에 밥을 만 음식",13
475,소갈비구이,NULL,17
476,소갈비찜,"소갈비찜 : 소갈비를 무르게 삶고, 무, 표고버섯, 당근, 밤 등을 넣어 간장 양념을 하여 부드럽게 조려낸다.",16
477,해물소갈비찜,"소갈비찜 : 소갈비를 무르게 삶고, 무, 표고버섯, 당근, 밤 등을 넣어 간장 양념을 하여 부드럽게 조려낸다.",16
478,소고기국밥,"소고기국밥 : 국밥은 국에 밥을 말아 먹는 음식이다.",1
479,소고기김밥,"소고기김밥 : 김밥의 기본 재료에 다진 소고기를 간장양념으로 볶아 함께 싼 김밥으로 맛과 영양이 좋다.",2
480,소고기메추리알장조림,NULL,19
481,소고기무국,NULL,13
482,소고기버섯죽,"소고기버섯죽 : 소고기와 버섯을 잘게 썰어 간장으로 밑간을 한 후 먼저 볶다가 불린 쌀과 육수를 넣어 쑨 음식이다.",3
483,버섯소고기볶음,NULL,18
484,소고기산적,NULL,26
485,소고기샤브샤브,NULL,15
486,소고기육개장,"소고기육개장 : 소 양지머리를 푹 삶아 가늘게 찢고, 무, 토란대, 대파 등의 채소를 넣어 매콤하게 끓인 국이다.",13
487,소곱창구이,"소곱창구이 : 곱창은 소의 작은창자로, 주로 돌 판에 구워먹는다.",17
488,소곱창전골,NULL,15
489,소내장구이,NULL,17
490,소머리국밥,"소머리국밥 : 가마솥에 소머리뼈와 사골을 넣고 10시간 이상 국물을 우려낸 다음 다시 소머리고기와 무, 우거지, 토란대 등을 넣고 푹 고아 양념장을 넣어 깍두기나 배추김치를 곁들여 먹는다.",1
491,소보로빵,"곰보빵 : 빵 표면에 소보로 가루를 묻혀서 오븐에서 구운 달콤한 맛의 일본 빵",6
492,소불고기,NULL,17
493,"소불고기,버섯",NULL,17
494,소세지볶음,NULL,18
495,소시지볶음,NULL,18
496,채소소시지볶음,NULL,18
497,소시지튀김,NULL,20
498,소양념갈비구이,NULL,17
499,소탕,NULL,13
500,송이덮밥,NULL,1
501,송편,"송편 : 멥쌀가루를 익반죽하여 소를 넣고 반달 모양으로 빚어 솔잎을 깔고 찐 떡",5
502,송화다식,"송화다식 : 송홧가루를 꿀이나 조청으로 반죽하여 다식판에 박아낸 유밀과",11
503,쇠갈비찜,NULL,16
504,쇠고기메추리알장조림,NULL,19
505,쇠고기샤브샤브,NULL,15
506,쇠고기고추장볶음,NULL,18
507,쇠고기김밥,NULL,2
508,쇠고기된장찌개,NULL,15
509,쇠고기무국,"뭇국 : 다시마나 멸치를 우려만든 물에 쇠고기조금과 무를 넣고 끓인 요리",13
510,쇠고기미역국,NULL,13
511,쇠고기배추국,NULL,13
512,쇠고기버섯볶음,NULL,18
513,쇠고기볶음,NULL,18
514,쇠고기볶음밥,NULL,1
515,쇠고기사태찜,NULL,16
516,쇠고기수육,NULL,16
517,쇠고기장조림,"쇠고기장조림 : 쇠고기를 잘게 토막내어 간장에 조린 짠 반찬",19
518,쇠고기전골,NULL,15
519,쇠고기주먹밥,NULL,2
520,쇠고기죽,NULL,3
521,쇠고기채소볶음,NULL,18
522,수수밥,NULL,1
523,수수부꾸미,"수수부꾸미 : 수수 가루를 둥글납작하게 빚어 여러 가지 소를 넣고 기름에 지진떡",26
524,수수팥떡,"수수팥떡 : 수수가루를 익반죽한 후 끓는 물에 삶아 건져서 붉은 팥고물을 묻힌 떡이다.",5
525,수정과,"수정과 : 우리나라의 전통 음료 중 하나",12
526,수제비,"수제비 : 밀가루를 반죽하여 장국에 감자와 함께 적당한 크기로 뜯어 넣어 끓인 음식",13
527,숙주나물,"숙주채 : 끓는 물에 살짝 데친 숙주와 미나리 등을 넣어 무친 나물",23
528,숙주미나리나물,"숙주나물 : 숙주를 소금물에 삶아 물기를 뺀 후 양념하여 무친 나물",23
529,순대,"순대 : 돼지 창자에 여러 재료를 소로 넣어 삶은 음식",16
530,순대국,NULL,13
531,순대국밥,"순대국밥 : 소나 돼지의 창자에 각종 채소와 양념 등을 넣어 만든 순대를 돼지 뼈 육수에 넣어 끓여먹는 국밥 형태의 음식",1
532,순대볶음,"순대볶음 : 순대에 양배추, 양파, 깻잎, 대파 등을 넣어 매콤하게 볶아낸 요리",18
533,순대전골,NULL,15
534,순댓국,"순댓국 : 순대는 돼지 창자에 여러 재료를 소로 넣어 삶은 음식이다.",13
535,순두부김치찌개,NULL,15
536,순두부달걀탕,NULL,13
537,순두부찌개,"순두부찌개 : 순두부를 넣고 양념하여 끓인 찌개",15
538,돼지고기순두부찌개,"순두부찌개 : 순두부를 넣고 양념하여 끓인 찌개",15
539,해물순두부찌개,"순두부찌개 : 순두부를 넣고 양념하여 끓인 찌개",15
540,숯불갈비삼각김밥,NULL,2
541,스크램블드에그,NULL,26
542,미트소스스파게티,"스파게티 : 파스타의 한 종류로 나폴리가 원산지인 스파게티는 매우 가는 원통형의 롱 파스타이다.",4
543,토마토스파게티,"스파게티 : 파스타의 한 종류로 나폴리가 원산지인 스파게티는 매우 가는 원통형의 롱 파스타이다.",4
544,시금치나물,NULL,23
545,시금치된장국,"시금치된장국 : 소고기나 마른 멸치, 또는 조개를 우린 국물에 된장을 풀고 시금치를 넣어 끓인 국물 요리다.",13
546,시래기나물,"시래기나물 : 무청 시래기를 삶아 하룻밤 정도 물에 불린 후 국간장, 다진 파ㆍ마늘, 참기름 등의 양념에 무쳐 팬에 볶은 것이다.",23
547,시래기된장국,"시래기된장국 : 시래기를 된장으로 무쳐 육수를 넣고 끓인 국이다.",13
548,시루떡,"시루떡 : 쌀을 물에 불려 가루로 만들어 시루에 찌는 떡",5
549,식빵,"식빵 : 사각팬에 구운 설탕 10% 이하의 흰 주식용 빵.",6
550,식빵토스트,NULL,6
551,식혜,"식혜 : 우리나라 전통 음료",12
552,쌀국수,"베트남쌀국수 : 쌀국수에 뜨거운 육수를 붓고 고추를 얹어 먹는 베트남 음식",4
553,쑥갓나물무침,"쑥갓나물무침 : 쑥갓을 데쳐 간장, 참기름 양념에 무친 것이다.",24
554,쑥된장국,"쑥된장국 : 육수에 된장을 풀어 쑥과 함께 끓이는 토장국이다.",13
555,쑥떡,"쑥떡 : 멥쌀에 삶은 쑥을 넣고 빻아 쪄서 치댄 후, 얇게 밀어 볶은 콩가루를 묻힌 떡",5
556,쑥절편,NULL,5
557,씀바귀나물,"씀바귀나물 : 씀바귀를 데쳐 물에 담가 쓴맛을 없앤 후 양념(고추장, 식초, 다진 파ㆍ마늘, 설탕, 참기름, 깨소금 등)을 넣고 무친 것이다.",23
558,아구찜,"아귀찜 : 아귀에 갖은 양념과 야채를 넣어서 찐 요리",16
559,아구탕,NULL,13
560,아귀매운탕,NULL,15
561,아귀지리,NULL,15
562,아귀찜,"아귀찜 : 아귀에 갖은 양념과 야채를 넣어서 찐 요리",16
563,아욱된장국,NULL,13
564,안동찜닭,"안동찜닭 : 경상북도 안동에서 유래한 음식으로 삶은 닭에 소스 온갖 채소와 양념을 섞어 졸인 요리",16
565,안심돈가스,NULL,20
566,안심스테이크,NULL,17
567,알밥,"알밥 : 날치알을 주재료로 하여 단무지, 오이, 무순 김가루 등을 올려 밥과 함께 비벼먹는 한국음식",1
568,알탕,"알탕 : 명태의 알을 넣고 끓인 매운탕",15
569,해물알탕,"알탕 : 명태의 알을 넣고 끓인 매운탕",15
570,애호박된장국,NULL,13
571,애호박볶음,"애호박볶음 : 기름을 두른 팬에 애호박과 다진 마늘, 파, 새우젓을 넣고 볶은 나물이다.",18
572,애호박전,"애호박전 : 애호박에 밀가루를 묻혀 기름에 지진 전",26
573,애호박찜,NULL,16
574,야채전,NULL,26
575,약과,"약과 : 한국 전래의 과자인 유밀과",11
576,약식,"약식 : 찹쌀 고두밥에 여러 재료를 섞어서 시루에 찐 한국 고유 음식",1
577,양념갈치젓,NULL,27
578,양념게장,"양념게장 : 신선한 게를 토막 내어 고춧가루와 파, 마늘 등의 양념으로 무친 매콤한 음식이다.",27
579,양념멸치젓,NULL,27
580,양념새우젓,NULL,27
581,양념왕갈비,NULL,17
582,양념장어구이,"양념장어구이 : 장어를 손질하여 고추장 양념을 발라 굽는 음식이다.",17
583,양념치킨,"양념치킨 : 적당한 크기로 자른 닭고기를 밑간하여 식용유에 튀겨 간장이나 고추장 등으로 만든 양념에 버무린 음식이다.",9
584,양미리조림,NULL,19
585,양배추샐러드,NULL,22
586,양상추샐러드,NULL,22
587,양송이버섯볶음,NULL,18
588,양송이스프,NULL,3
589,양장피,NULL,24
590,양파볶음,NULL,18
591,양파부추무침,NULL,24
592,양파장아찌,"양파장아찌 : 5월경 나오는 햇 양파를 새콤 달콤하게 달인 간장에 담가 먹는 장아찌",29
593,어묵국,"어묵국 : 어묵과 무를 넣고 간장으로 간을 해서 끓이는 달큰한 맛이 매력적인 국이다.",13
594,매운어묵국,"어묵국 : 어묵과 무를 넣고 간장으로 간을 해서 끓이는 달큰한 맛이 매력적인 국이다.",13
595,어묵국(어묵탕),"어묵국 : 어묵과 무를 넣고 간장으로 간을 해서 끓이는 달큰한 맛이 매력적인 국이다.",13
596,어묵김치찌개,NULL,15
597,어묵볶음,"어묵볶음 : 어묵과 양파를 간장 양념장에 볶아 먹는 반찬이다.",18
598,채소어묵볶음,"어묵볶음 : 어묵과 양파를 간장 양념장에 볶아 먹는 반찬이다.",18
599,어묵잡채,NULL,18
600,어묵조림,NULL,19
601,어묵채소볶음,NULL,18
602,어육소시지전,NULL,26
603,어죽,"어죽 : 생선을 푹 고아 그 물에 쌀을 넣어 만든 죽",3
604,어탕,NULL,13
605,얼갈이겉절이,NULL,24
606,얼갈이배추김치,NULL,21
607,얼갈이배추된장국,"얼갈이배추 : 늦가을이나 초겨울에 심어 가꾸는 반결구형 배추",13
608,얼갈이배춧국,NULL,13
609,연근조림,"연근조림 : 연근으로 만든 음식으로, 출혈증세와 설사·불안증 해소에 좋은 보양음식",19
610,연어롤,NULL,2
611,연어초밥,NULL,2
612,연어회덮밥,"회덮밥 : 해산물과 갖은 야채를 올린 밥을 초고추장으로 간하여 먹는 덮밥류의 음식",1
613,연포탕,"낙지연포탕 : 다시 물에 낙지를 삶아 썰고 마늘, 쪽파를 넣고 참기름과 깨소금을 뿌려 끓인 탕",13
614,열무겉절이,NULL,24
615,열무김치,"열무김치 : 열무로 담근 김치",21
616,열무김치국수,NULL,4
617,열무나물,NULL,23
618,열무나물된장무침,NULL,23
619,열무냉면,"열무냉면 : 열무를 절여 양파, 쪽파, 고추, 마늘 등과 함께 버무려 밀가루풀을 넣고 국물을 부어 담근 김칫국에 냉면 육수를 붓고 삶아 낸 냉면과 달걀 반쪽을 얹어서 먹는 여름철 별미음식이다.",4
620,열무된장나물,NULL,23
621,열무얼갈이김치,"열무얼갈이김치 : 김장김치가 끝나갈 무렵 풋풋한 열무와 고소한 얼갈이배추로 담가 입맛을 산뜻하게 만들어 주는 김치이다.",21
622,영양돌솥밥,"영양돌솥밥 : 돌솥에 멥쌀과 잡곡, 수삼, 표고버섯, 대추 등을 넣어 즉석에서 지은 밥이다.",1
623,오곡밥,"오곡밥 : 한국 전통의 찹쌀 ·차조 ·붉은팥 ·찰수수 ·검은콩 등을 섞어 5가지 곡식으로 지은 밥",1
624,오리고기구이,NULL,17
625,오리고기로스,NULL,17
626,오리백숙,"오리백숙 : 솥에 깨끗이 손질한 오리를 담고 물을 부은 뒤 황기, 밤, 인삼, 대추 등을 넣어 푹 끓여낸 보양식이다.",15
627,오리볶음,NULL,18
628,오리불고기,"오리불고기 : 한입 크기로 썰어낸 오기고기를 고추장 양념을 해 구워 먹는다.",17
629,오리탕,"오리탕 : 오리에 여러가지 야채를 넣어 끓인 탕",15
630,오므라이스,"오므라이스 : 야채와 고기를 넣어 만든 볶음밥을 달걀로 감싼 요리",1
631,오삼불고기,"오삼불고기 : 오징어와 돼지고기 삼겹살에 고추장 양념을 넣어 볶아먹는 요리",18
632,오이김치,NULL,21
633,오이나물,"오이나물 : 오이를 소금에 살짝 절였다가 기름에 볶아먹는 숙채",23
634,오이냉국,"오이냉국 : 채 썬 오이를 식초와 소금으로 간을 한 찬 국물에 넣어 만든 산뜻한 맛의 냉국이다.",14
635,오이부추무침,NULL,24
636,오이생채,"오이생채 : 오이를 얇게 썰어 식초와 고춧가루를 넣어 만든 생채",24
637,오이소박이,"오이소박이 : 오이 속에 소를 넣어 익힌 김치",21
638,오이장아찌,"오이장아찌 : 오이를 익혀서 만드는 장아찌",29
639,오이지,"오이지 : 오이를 소금에 절인 장아찌",29
640,오이지무침,"오이지무침 : 오이지는 오이를 소금에 절인 장아찌로, 더위에 음식이 상하지 않게 만든 저장식품이다.",24
641,오일소스스파게티,NULL,4
642,오징어국,"오징어국 : 고춧가루를 푼 물에 나박썰기 한 무를 넣고 끓이다가 오징어, 쪽파, 다진 마늘을 넣고 한소끔 끓여 소금으로 간을 한 것이다.",13
643,오징어덮밥,"오징어덮밥 : 오징어를 야채와 같이 고추장으로 볶아 밥위에 얹어 먹는 음식",1
644,오징어무침,"오징어무침 : 내장을 제거한 오징어를 반 갈라 사선으로 칼집을 넣은 후 적당한 크기로 썰어 끓는 물에 데쳐서 초고추장 양념(고추장, 설탕, 식초, 다진 파ㆍ마늘ㆍ생강, 깨소금, 참기름)으로 무친 것이다.",24
645,오징어물회,"오징어물회 : 살아있는 오징어를 채 썰어 오이, 양파, 당근, 고추 등과 함께 초고추장으로 양념하고 물을 부어 말아 먹는 음식이다.",24
646,오징어볶음,"오징어볶음 : 손질한 오징어에 갖은 채소와 고추장 양념을 넣어 볶은 요리",18
647,오징어산적,NULL,26
648,오징어순대,"오징어순대 : 오징어 몸통에 쇠고기, 숙주나물, 두부 등으로 양념한 소를 넣어 찐 한국요리",16
649,오징어젓,"오징어젓 : 오징어를 소금에 절여 담근 젓갈",27
650,오징어조림,NULL,19
651,오징어찌개,NULL,15
652,오징어채무침,"오징어채무침 : 오징어채를 고추장 양념(고추장, 간장 물엿, 통깨, 참기름)으로 무친 것이다.",24
653,오징어채볶음,"오징어채볶음 : 마른 오징어채와 쥐치포채를 고추장 양념에 넣고 볶아서 매운 맛을 낸 마른 찬",18
654,오징어채소무침,NULL,24
655,오징어채조림,NULL,19
656,오징어튀김,"오징어튀김 : 먹기 좋은 크기로 자른 오징어에 튀김옷을 입혀 기름에 튀긴 요리",20
657,옥돔구이,"옥돔구이 : 옥돔을 숯불에 구워먹는 제주도 향토음식",17
658,옥수수구이,NULL,17
659,옥수수샐러드,NULL,22
660,올갱이국,NULL,13
661,완두콩밥,"완두콩밥 : 불린 쌀과 완두콩을 섞어 지은 밥이다.",1
662,완자전,NULL,26
663,우거지나물무침,NULL,24
664,우거지된장국,"우거지된장국 : 삶아서 발라낸 우렁이를 된장을 푼 육수에 넣고 끓이는데, 기호에 따라 시금치나 아욱을 함께 넣어 함께 끓인 국이다.",13
665,우거지해장국,"우거지해장국 : 소의 잡 뼈를 우린 국물에 우거지를 넣어 얼큰하게 끓인 해장국으로, 술 먹은 다음 날 속풀이용으로 많이 먹는다.",13
666,우동,"우동 : 부산광역시 해운대구에 있는 동",4
667,우럭매운탕,"우럭매운탕 : 손질한 우럭을 적당한 크기로 토막내 매운 양념과 함께 각종 채소를 넣어 얼큰하게 끓인 탕이다.",13
668,우럭회덮밥,"회덮밥 : 해산물과 갖은 야채를 올린 밥을 초고추장으로 간하여 먹는 덮밥류의 음식",1
669,우렁된장국,"우렁된장국 : 삶아서 발라낸 우렁이살을 된장을 푼 육수에 넣고 끓이는데, 기호에 따라 시금치나 아욱을 함께 넣어 끓인 국이다.",13
670,우엉조림,"우엉조림 : 데친 우엉에 간장, 설탕, 맛술을 넣고 조린 후 참기름, 물엿, 깨소금을 넣어 버무린 것이다.",19
671,울면,NULL,4
672,월남쌈,"고이꾸온 : 생야채와 익힌 새우 등을 넣고 라이스페이퍼로 싸 먹는 베트남 음식",31
673,유과,"유과 : 찹쌀가루에 술을 넣고 반죽하여 찐 다음 건조시킨 후 기름에 지져 조청이나 꿀을 입혀 다시 고물을 묻힌 것",11
674,유부국,NULL,13
675,유부된장국,NULL,13
676,유부초밥,"유부초밥 : 유부 속에 밥을 넣어 만든 요리",2
677,유산슬,"류산슬 : 육류와 해산물을 채썰어 볶은 중국요리",18
678,유산슬덮밥,"유산슬덮밥 : 놀면 뭐 하니? 에서 대세로 떠오른 유산슬! 유산슬이 이번에는 유산슬 라면에 도전했는데요.",1
679,유채나물,NULL,23
680,유채나물된장무침,NULL,23
681,유채나물무침,"유채나물무침 : 데친 유채나물을 양념(된장, 참기름, 깨소금, 다진 마늘)으로 무친 것이다.",24
682,육개장,"육개장 : 쇠고기를 삶아서 찢어 양념하여 맵게 끓이는 국",13
683,육회,"육회 : 연한 쇠고기를 날것으로 갖은양념에 무친 음식",28
684,육회비빔밥,"육회비빔밥 : 밥에 양념한 육회와 갖은 채소를 얹어 고추장, 참기름과 함께 비벼 먹는 음식",1
685,율무밥,"율무밥 : 율무를 섞어 지은 밥",1
686,인절미,"인절미 : 찹쌀이나 찹쌀가루를 시루에 쪄서 절구에 찧어 적당한 크기로 잘라 고물을 묻힌 떡",5
687,일본된장국,NULL,13
688,임연수구이,"임연수구이 : 손질한 임연수를 반으로 갈라 구워먹는 음식이다.",17
689,자장면,"짜장면 : 돼지고기 간것과 양파, 호박, 생강 등을 다져 중국된장과 함께 볶은 양념을 국수에 넣어 비벼 먹는 요리",4
690,자장밥,NULL,1
691,잔멸치견과류볶음,NULL,18
692,잔멸치고추볶음,NULL,18
693,잔멸치볶음,"잔멸치볶음 : 잔멸치를 조림장에 볶아 만든 마른 찬",18
694,땅콩잔멸치볶음,"잔멸치볶음 : 잔멸치를 조림장에 볶아 만든 마른 찬",18
695,꽈리고추잔멸치볶음,"잔멸치볶음 : 잔멸치를 조림장에 볶아 만든 마른 찬",18
696,잔치국수,"잔치국수 : 삶아 건진 국수사리에 고명을 얹고 멸치장국을 부어 만든 음식",4
697,잡곡밥,"잡곡밥 : 잡곡을 섞어 지은 밥",1
698,잡채,"잡채 : 채소 ·버섯 ·고기 등의 재료를 볶아서 무치는 숙채",18
699,돼지고기잡채,"잡채 : 채소 ·버섯 ·고기 등의 재료를 볶아서 무치는 숙채",18
700,"잡채,버섯","잡채 : 채소 ·버섯 ·고기 등의 재료를 볶아서 무치는 숙채",18
701,소고기잡채,"잡채 : 채소 ·버섯 ·고기 등의 재료를 볶아서 무치는 숙채",18
702,잡채밥,NULL,1
703,잡탕밥,NULL,1
704,잣죽,"잣죽 : 잣과 쌀을 함께 갈아서 쑨 죽",3
705,장떡,"개성장떡 : 된장이나 고추장에 찹쌀가루와 쇠고기 등을 넣고 버무려 동글납작하게 빚어서 말린 후 찌거나 기름에 지진 떡",26
706,장어고추장구이,NULL,17
707,장어소금구이,"장어구이 : 장어에 고추장 양념을 발라 구운 구이요리",17
708,장어덮밥,"장어덮밥 : 민물장어를 장국에 재워 구운 뒤 밥에 얹어 먹는 덮밥 류의 요리",1
709,장어초밥,"스시 : 식초로 간을 한 밥에 생선을 얇게 저민 것이나 달걀 ·채소 ·김 따위를 섞거나 얹거나 말거나 하는 요리",2
710,장어탕,"장어탕 : 장어를 넣어 끓인 탕",15
711,재첩국,"재첩국 : 재첩을 넣고 맑게 끓인 국",13
712,쟁반국수,"쟁반국수 : 메밀국수와 여러 가지 채소를 쟁반에 담아 양념간장에 곁들여 먹는 막국수의 일종",4
713,쟁반짜장,"짜장면 : 돼지고기 간것과 양파, 호박, 생강 등을 다져 중국된장과 함께 볶은 양념을 국수에 넣어 비벼 먹는 요리",4
714,전복죽,"전복죽 : 전복과 쌀로 쑨 죽",3
715,전복탕,NULL,13
716,전어구이,"전어구이 : 칼집 낸 전어를 석쇠에 구운 것이다.",17
717,절편,"절편 : 일차함수의 그래프가 축과 만나는 교점의 좌표",5
718,제육덮밥,"제육덮밥 : 얇게 썬 돼지고기와 각종 채소를 고추장 양념에 무쳐서 맵게 볶은 것이 제육볶음이다.",1
719,제육볶음,"제육볶음 : 돼지고기 목살을 얇게 저며 잔 칼집을 넣고 생강즙을 충분히 넣은 고추장 양념에 재웠다 볶은 대표적인 고추장 양념 볶음",18
720,조개된장찌개,"된장찌개 : 된장을 푼 물에 갖은 재료를 넣어 끓인 찌개",15
721,조갯국,NULL,13
722,조기구이,"조기구이 : 손질한 조기에 칼집을 내고 양념을 바른 뒤, 팬이나 화로에 구워먹는 요리",17
723,조기매운탕,"조기매운탕 : 고추장 양념을 푼물에 무와 조기를 넣고 끓이다가 마지막에 쑥갓을 올려 내는 탕으로 칼칼한 맛이 매력이다.",13
724,조기조림,"조기조림 : 조기를 손질한 후에 두세 토막을 내어 갖은 양념으로 약한불에서 끓인 생선조림",19
725,조기찜,"조기찜 : 소금 간한 조기에 다진 마늘, 파채, 고춧가루, 통깨를 얹어 찜통에 찐 것이다.",16
726,조미김,"조미김 : 김을 180~200℃에서 5~30초간 구운김의 양면에 간장, 국물, 미림, 향신료를 배합한 조미액을 sponge roller에 적하하면서 김의 표면에 균일하게 도포하고 물을 제거한 후 가열 건조하여 제조하는 간이법도 있다.",17
727,족발,"족발 : 돼지족을 삶아 양념장에 조린 음식",16
728,주꾸미볶음,NULL,18
729,주꾸미채소볶음,NULL,18
730,김치주먹밥,NULL,1
731,참치주먹밥,NULL,1
732,죽순쇠고기볶음,NULL,18
733,중식우동,NULL,4
734,중식잡채,NULL,18
735,쥐포구이,NULL,17
736,쥐포조림,NULL,19
737,쥐포튀김,NULL,20
738,증편,"증편 : 멥쌀가루에 막걸리를 넣고 부풀려 찐 떡으로 여름철 떡",5
739,짜장면,"짜장면 : 돼지고기 간것과 양파, 호박, 생강 등을 다져 중국된장과 함께 볶은 양념을 국수에 넣어 비벼 먹는 요리",4
740,짜장밥,NULL,1
741,짜장소스,NULL,30
742,짬뽕,"짬뽕 : 야채와 돼지고기, 해물 등을 기름에 볶아 닭이나 돼지뼈로 만든 육수를 넣고 끓인 중국식 요리",4
743,짬뽕라면,NULL,4
744,짬뽕밥,"짬뽕밥 : 짬뽕의 한 종류로서 해산물, 돼지고기, 야채를 넣어 매콤하게 볶은 것을 닭이나 돼지 뼈로 만든 육수를 넣어 끓인 뒤 밥을 말아먹는 한국식 중화요리.",1
745,쫄면,"쫄면 : 오이, 양파, 콩나물 등의 야채를 넣어 매콤한 양념에 비벼먹는 국수",4
746,쫄볶이,"쫄볶이 : 적당한 크기로 자른 가래떡에 쫄면, 어묵, 채소 등을 넣고 매콤하게 끓여낸 요리.",18
747,찐감자,"찌기 : 물을 끓인 수증기로 식품을 익히는 조리법",16
748,찐고구마,NULL,16
749,찐빵,"찐빵 : 오븐을 쓰지 않고 증기로 쪄서 만든빵",6
750,찐옥수수,NULL,16
751,차조밥,"차조밥 : 불린 쌀에 물을 붓고 센 불에서 한소끔 끓으면 차조를 위에 얹어 지은 밥이다.",1
752,찰밥,"찰밥 : 찹쌀에 팥 삶은 것, 대추 ·밤 등을 섞고 소금기를 가미하여 지은 밥",1
753,참깨경단,NULL,5
754,참꼬막,"꼬막 : 사새목 꼬막조개과의 연체동물",16
755,참나물,"참나물 : 채소 중 베타카로틴이 풍부한 참나물은 특유의 향을 가지고 있는 산채나물로 대표적인 알카리성 식품입니다.",23
756,참나물겉절이,NULL,24
757,참나물무침,"참나물무침 : 소금물에 살짝 데쳐서 간장 양념에 무쳐먹는 숙채",24
758,참치김치볶음,NULL,18
759,참치샌드위치,NULL,10
760,참치김밥,"참치김밥 : 김밥의 기본 재료에 마요네즈에 버무린 참치를 함께 넣어 싼다.",2
761,참치김치찌개,"참치김치찌개 : 냄비에 기름을 두르고 신 김치와 마늘을 볶다 육수를 넣고 김치가 무르면 통조림 참치와 두부, 대파, 고추, 고춧가루 등을 넣어 마무리 한다.",15
762,참치덮밥,NULL,1
763,참치마요네즈삼각김밥,NULL,2
764,참치마요삼각김밥,NULL,2
765,참치볶음밥,NULL,1
766,참치샐러드,NULL,22
767,참치완자전,NULL,26
768,참치죽,"참치죽 : 참기름을 두른 팬에 잘게 다진 양파와 당근, 애호박을 볶다가 불린 쌀을 넣어 푹 끓인 후 마지막에 기름을 뺀 참치를 넣어 쑨 음식이다.",3
769,참치회덮밥,"참치회덮밥 : 저칼로리, 고단백 식품으로 레시틴 성분이 많아 뇌 발달과 집중력 향상에 도움을 주며, 혈압과 콜레스테롤을 낮춰 성인병 및 치매 예방에도 효과적이다.",1
770,찹쌀도넛,"찹쌀도넛 : 밀가루와 찹쌀가루를 주재료로 한 반죽을 기름에 튀긴 빵",6
771,찹쌀떡,NULL,5
772,채소김밥,NULL,2
773,채소떡볶이,NULL,5
774,채소볶음밥,NULL,1
775,채소샌드위치,NULL,10
776,채소샐러드,NULL,22
777,채소전,NULL,26
778,채소죽,NULL,3
779,채소튀김,NULL,20
780,청경채나물,NULL,23
781,청국장찌개,"청국장찌개 : 청국장찌개는 '청나라에서 전래된 장'이라는 뜻에서 청국장, '전시(戰時)에 부식으로 시급히 필요할 때 단시간에 제조할 수 있다' 하여 전국장으로도 불린다.",15
782,청포묵무침,"청포묵무침 : 녹두 전분으로 만든 청포묵에 고기볶음과 데친 미나리, 구운 김 등을 섞어 만든 묵무침으로, 탕평채라고도 부른다.",24
783,초당순두부,"초당순두부 : 콩물이 몽글몽글하게 응고되었을때 물기를 빼지 않고 그대로 먹는 것이 순두부다.",13
784,초코소라빵,NULL,6
785,초콜릿케이크,NULL,6
786,총각김치,"총각김치 : 총각김치는 어리고 단단한 무를 거친 고춧가루로 양념을 빡빡하게 버무려 담근다.",21
787,추어탕,"추어탕 : 미꾸라지를 넣고 얼큰하게 끓인 국",13
788,충무김밥,"충무김밥 : 경상남도 충무에서 시작된 밥과 반찬을 따로 먹는 김밥",2
789,취나물,"취나물 : 전국의 산에서 자생하는 산채로 맛과 향이 뛰어나 널리 사랑받는 취나물은 봄에 뜯어 나물이나 쌈을 싸먹으면 독특한 향취가 미각을 자극합니다.",23
790,취나물된장무침,NULL,24
791,츄러스,"추로스 : 밀가루 반죽을 막대 모양으로 만들어 기름에 튀겨낸 에스파냐의 전통요리",6
792,치즈김밥,"치즈김밥 : 김밥의 기본 재료에 체다 치즈나 크림 치즈 등을 넣어 싸는 김밥이다.",2
793,치즈돈가스,NULL,20
794,치즈라면,NULL,4
795,치즈케이크,"치즈케이크 : 치즈와 우유, 설탕, 거품낸 달걀 등을 섞어 만든 케이크",6
796,치즈피자,NULL,8
797,치커리겉절이,NULL,24
798,치킨까스,NULL,9
799,치킨너겟,NULL,9
800,치킨데리야끼,NULL,17
801,치킨무,"치킨무 : 치킨무 는 치킨과 함께 먹는 무 절임이다.",29
802,치킨버거,NULL,7
803,카레라이스,"카레라이스 : 카레 가루를 넣은 서양식 밥종류",1
804,카레소스,NULL,30
805,카스텔라,"카스텔라 : 거품을 낸 달걀에 밀가루 ·설탕 등을 버무려 구운 양과자",6
806,칼국수,"칼국수 : 밀가루 반죽을 방망이로 얇게 밀어 칼로 가늘게 썰어서 장국과 함께 끓인 더운 국수",4
807,캘리포니아롤,"캘리포니아롤 : 미국 캘리포니아에서 개발된 생선, 야채, 과일 등 다양한 재료를 사용하는 초밥",2
808,코다리조림,"코다리조림 : 코다리는 명태를 반 건조한 것으로 간장, 고춧가루, 마늘 등으로 만든 양념장을 넣고 조린다.",19
809,코다리찜,"코다리찜 : 명태를 반 건조한 것이 코다리다.",16
810,콤비네이션피자,NULL,8
811,콩국수,"깨국수 : 볶은 흰깨에 식힌 닭국물을 부어 만든 깻국에 밀국수를 넣은 음식",4
812,콩나물,"콩나물 : 과음한 다음 날이면 생각나는 시원한 해장국.",23
813,콩나물고춧가루무침,NULL,24
814,콩나물국,NULL,13
815,콩나물국밥,"콩나물국밥 : 콩나물국에 밥을 넣고 새우젓으로 간을 한 뒤 고명을 얹은 전라도 지방의 해장국밥",1
816,콩나물된장국,NULL,13
817,콩나물된장찌개,NULL,15
818,콩나물무침,"콩나물무침 : 콩나물을 삶아 갖은 양념에 무쳐 먹는 숙채",24
819,매운콩나물무침,"콩나물무침 : 콩나물을 삶아 갖은 양념에 무쳐 먹는 숙채",24
820,콩나물밥,"콩나물밥 : 콩나물을 넣어 지은 밥",1
821,콩나물잡채,"콩나물잡채 : 삶은 콩나물에 쇠고기와 당면을 넣고 무치는 전라북도 지역의 향토음식",18
822,콩비지찌개,"비지찌개 : 콩을 갈아 그것을 주재료로 끓인 찌개",15
823,콩조림,"콩조림 : 검은콩을 불려 끓이다가 간장, 맛술, 설탕, 물엿, 식용유를 넣고 조려 참기름, 통깨를 넣어 버무린 것",19
824,크로아상,"크루아상 : 밀가루와 버터로 반죽을 빚어 켜켜이 층을 낸 초승달 모양의 빵",6
825,크림소스스파게티,NULL,4
826,키조개구이,NULL,17
827,탕국,NULL,13
828,탕수육,"탕수육 : 고기튀김에 달고 새큼하게 끓인 녹말채소 소스를 끼얹은 중국요리",20
829,탕평채,"탕평채 : 초나물에 녹두묵을 썰어 넣고 섞은 음식",24
830,토란국,"토란국 : 토란으로 끓인 국",13
831,토란대나물,"토란대나물 : 데친 토란대를 양념하여 볶은 것이다.",23
832,토마토소스스파게티,NULL,4
833,톳나물,"톳나물 : 끓는 물에 살짝 데친 톳을 양념장에 무쳐 먹는 요리",23
834,톳나물무침,"톳나물 : 끓는 물에 살짝 데친 톳을 양념장에 무쳐 먹는 요리",24
835,톳나물초무침,"톳나물 : 끓는 물에 살짝 데친 톳을 양념장에 무쳐 먹는 요리",24
836,파김치,"파김치 : 파를 주재료로 하여 여러가지를 섞어서 만든 김치",21
837,파래무침,"파래무침 : 손질해 물기를 뺀 파래와 송송 썬 풋고추ㆍ붉은 고추에 양념(간장, 식초, 고춧가루, 다진 마늘, 깨소금)을 넣어 무친 것이다.",24
838,파래무침(파래만),"파래무침 : 손질해 물기를 뺀 파래와 송송 썬 풋고추ㆍ붉은 고추에 양념(간장, 식초, 고춧가루, 다진 마늘, 깨소금)을 넣어 무친 것이다.",24
839,"파래무침,무","파래무침 : 손질해 물기를 뺀 파래와 송송 썬 풋고추ㆍ붉은 고추에 양념(간장, 식초, 고춧가루, 다진 마늘, 깨소금)을 넣어 무친 것이다.",24
840,파래볶음,NULL,18
841,파래전,"파래전 : 깨끗하게 씻은 파래를 밀가루 반죽에 섞고 소금으로 간을 해서 부친 전이다.",26
842,파무침,"파무침 : 대파를 채쳐서 간장, 고춧가루, 마늘, 참기름 등을 넣어 무친 것으로, 구운 고기와 함께 많이 먹는다.",24
843,파전,"파전 : 밀가루 갠 것에 파를 넣고 기름에 지진 전",26
844,해물파전,"파전 : 밀가루 갠 것에 파를 넣고 기름에 지진 전",26
845,팔보채,NULL,18
846,팥밥,"팥밥 : 쌀에 팥을 섞어서 지은 밥",1
847,팥빙수,"팥빙수 : 얼음을 갈아 삶은 팥을 넣어 만든 빙과류",12
848,팥죽,"팥죽 : 팥을 삶아 으깨어 거른 물에 쌀을 넣고 쑨 죽",3
849,팥찹쌀떡,NULL,5
850,페이스트리,"페이스트리 : 밀가루 반죽 사이에 유지를 넣어 결을 내 구운 빵",6
851,페퍼로니피자,NULL,8
852,포테이토피자,NULL,8
853,표고버섯구이,NULL,17
854,표고버섯볶음,"표고버섯볶음 : 말린 표고버섯을 부드럽게 불려서 양념하여 볶은 음식이다.",18
855,표고버섯볶음밥,NULL,1
856,표고버섯전,NULL,26
857,풋고추된장무침,NULL,24
858,풋고추멸치볶음,NULL,18
859,풋고추찜,"풋고추찜 : 밀가루에 소금을 넣고 풋고추를 넣어 고루 묻힌 다음 찜통에 젖은 베보자기를 깔고 풋고추를 고루 펴서 찐 것",16
860,풋마늘무침,NULL,24
861,피자빵,NULL,6
862,피조개무침,NULL,24
863,하이라이스,NULL,1
864,한방오리백숙,"한방오리백숙 : 손질한 오리를 황기, 인삼, 마늘 등의 한약재와 함께 푹 끓인 백숙 요리이다.",16
865,함박스테이크,NULL,17
866,해물김치전,"해물김치 : 무에 각종 해물을 넣어 만든 김치",26
867,해물덮밥,NULL,1
868,해물된장국,NULL,13
869,해물매운탕,NULL,15
870,해물볶음,NULL,18
871,해물볶음밥,NULL,1
872,해물완자전,NULL,26
873,해물찜,"해물찜 : 오징어, 새우, 백합, 홍합 등 여러가지 해물을 넣은 찜",16
874,해물칼국수,"해물칼국수 : 바지락조개를 삶아 만든 육수에 해산물을 넣고 끓인 칼국수",4
875,해물콩나물찜,NULL,16
876,해물크림소스스파게티,NULL,4
877,해물탕,"해물탕 : 각종 해산물에 고추장 양념으로 국물맛을 낸 음식",13
878,해물토마토소스스파게티,NULL,4
879,해초무침,NULL,24
880,해파리냉채,"해파리냉채 : 데친 해파리에 배, 오이채, 겨자, 마늘, 식초를 버무려 만든다.",24
881,햄구이,NULL,17
882,햄김치찌개,NULL,15
883,햄버거,"햄버거 : 서양 요리의 하나.",7
884,햄버그스테이크,NULL,17
885,햄부침,NULL,26
886,햄샌드위치,NULL,10
887,햄전,NULL,26
888,햄채소볶음,NULL,18
889,햄치즈샌드위치,"햄 치즈 샌드위치 만드는 법 : 두 쪽의 빵사이에 햄, 치즈, 아채등을 끼워서 먹는 음식의 조리법",10
890,현미밥,"현미 : 수확한 벼를 건조, 탈곡한 후 고무 롤러로 된 기계로 왕겨를 벗긴 쌀",1
891,"현미밥,쌀","현미 : 수확한 벼를 건조, 탈곡한 후 고무 롤러로 된 기계로 왕겨를 벗긴 쌀",1
892,호떡,NULL,6
893,호박고추장찌개,NULL,15
894,호박볶음,NULL,18
895,호박부침개,NULL,26
896,호박잎된장국,NULL,13
897,호박전,NULL,26
898,호박죽,"호박죽 : 호박으로 끓인 죽",3
899,호박찌개,NULL,15
900,홍어무침,NULL,24
901,홍어찜,"홍어찜 : 찐 홍어에 양념장을 끼얹어 먹는 요리",16
902,홍합무국,NULL,13
903,화양적,"화양적 : 쇠고기와 도라지· 표고·달걀 등을 익혀서 꼬치에 꿴 누름적",26
904,황태구이,"황태구이 : 황태에 양념장을 발라 굽는 전통요리",17
905,양념황태구이,"황태구이 : 황태에 양념장을 발라 굽는 전통요리",17
906,황태콩나물찜,NULL,16
907,황태해장국,"황태해장국 : 명태의 내장을 꺼내 염분을 제거한 뒤 추운 고산 지대에서 서너 달 이상 말려 낸 황태를 잘게 찢어 육수에 조개, 버섯, 콩나물, 두부, 무 등을 넣고 끓인 해장국이다.",13
908,회냉면,"회냉면 : 쫄깃하고 매운 비빔냉면에 생선회와 각종 채소를 올려서 비벼 먹는 국수 음식이다.",4
909,회덮밥,"회덮밥 : 해산물과 갖은 야채를 올린 밥을 초고추장으로 간하여 먹는 덮밥류의 음식",1
910,회무침,"회무침 : 비린내가 적은 생선살을 굵게 채 썰고 오이, 양배추 등의 채소를 함께 넣어 초고추장에 무쳐 먹는 음식이다.",24
911,후라이드치킨,NULL,9
912,훈제오리,"훈제오리 : 오리를 참나무 장작불에 훈제하여 구운 음식이다.",17
913,흑미밥,NULL,1
914,흑임자죽,"흑임자죽 : 검은깨와 쌀을 곱게 갈아 만든 죽",3
