ingre_no,ingre_ko_name,ingre_en_name,allergy_no
1,가다랑어,"katsuo/ bonito",0
2,가다랑어포,katsuobushi,0
3,가래떡,"rice cake",0
4,가리비,scallop,18
5,가리비살,hotategai,18
6,가시복,harisenbon,0
7,가쓰오부시,Katsuobushi,0
8,가오리,Stingray,0
9,가자미,"flat fish",0
10,가죽나물,"Cedrela sinensis leaves",0
11,가지,eggplant,0
12,가지열매,"egg plant/ brinjal/ melongena",0
13,가츠오부시,katsuobushi,0
14,간고등어,"salted mackerel",7
15,간마늘,"ground garlic",0
16,간장,"soy sauce",0
17,갈매기살,"skirt meat",0
18,갈비,rib,0
19,갈치,hairtail,0
20,감,persimmon,0
21,감귤,"unshiu orange",0
22,감열매,"persimmon fruit",0
23,감자,potato,0
24,감자전분,"potato starch",0
25,감초,"chinese liquorice",0
26,갑오징어,kouika,17
27,갓,"leaf mustard",0
28,갓김치,"leaf mustard kimchi",0
29,강낭콩,"kidney bean",0
30,강력분,"Strong flour",0
31,강아지풀,"green bristlegrass",0
32,강황,turmeric,0
33,개고기,"Dog meat",0
34,개복숭아,"chinese wild peach",11
35,개불,"spoon worm",0
36,개암,"hazelnut/ filbert",13
37,개암견과,hazelnut,13
38,거위,goose,0
39,건대추,"Dried jujube",0
40,건미역,"Dried seaweed",0
41,건새우,"Dried shrimp",9
42,건조김,laver,0
43,건조사과,"dried apple",0
44,건조자몽,"dry grapefruite",0
45,건조캐모마일,"dry chamomile",0
46,건조캐모마일꽃,"dried chamomile flower",0
47,건조히비스커스,"dried hibiscus",0
48,건포도,raisin,0
49,검은깨,"Black sesame",0
50,검은콩,"Black beans",0
51,검정콩,"black beans",0
52,게,crab,8
53,게맛살,"Crab stick",8
54,게살,crab,8
55,겨자,mustard,0
56,"겨자 소스","mustard sauce",0
57,견과류,nuts,13
58,결명자,"senna tora",0
59,결명자열매,sicklepod,0
60,계란,egg,1
61,계란흰자,"egg whites",1
62,계피,cinnamon,0
63,계핏가루,"Cinnamon powder",0
64,고구마,"sweet potato",0
65,"고기 소스","meat sauce",0
66,고기산적,"Korean Shish kebab",0
67,고니,"tundra swan",0
68,고들빼기,"lactuca bungeana",0
69,고등어,"chub mackerel",7
70,고라니,"inermis/ water deer",0
71,고사리,bracken,0
72,고사리어린순,braken,0
73,고수,"coriandrum sativum",0
74,고수잎,"coriander leaf",0
75,고운고춧가루,"Fine red pepper powder",0
76,고추,"hot pepper(cayenne/ chili pepper/ red pepper)",0
77,고추기름,"Chili oil",0
78,고추냉이,Wasabi,0
79,고추씨,"Pepper seeds",0
82,고추장,"Korean traditional red hot pepper paste",0
83,고춧가루,"Red pepper powder",0
84,고춧기름,"Chili oil",0
85,고춧잎,"Red pepper leaves",0
86,곤약,"Konjac/ Devil's-tongue",0
87,골드키위,"golden kiwi fruit",0
88,골뱅이,"horn snail",0
89,골파,chive,0
90,곰치,utsubo,0
91,곰피,"gom pi/ sea weed",0
92,곱창,"small intestine",0
93,곶감,"dried persimmon",0
94,과메기,guamegi,0
95,관자,cappesante,0
96,광귤나무꽃,"sour orange blossom",0
97,광어,Flatfish,0
98,구기자,"chinese matrimony vine",0
99,구기자나무,"chinese wolfberry",0
100,구기자나무열매,"chinese wolfberry fruit",0
101,구기자나무잎,"chinese wolfberry leaf",0
102,구운김,laver,0
103,구운꽁치,"pacific saury",0
104,구운밤,"roasted chestnut",0
105,구절초,siberian-chrysanthemum,0
106,구절초잎,"siberian-chrysanthemum leaf",0
107,국간장,"Soup soy sauce",0
108,국멸치,Anchovy,0
109,국수,noodle,0
110,국화,chrysanthemum,0
111,국화꽃,"chrysanthemum flower",0
112,굴,oyster,18
113,굴비,"dried yellow corvina",0
114,굴소스,"Oyster Sauce",18
115,굵은고춧가루,"Coarse red pepper",0
116,굵은소금,"Coarse salt",0
117,귀리,oat,0
118,귀리씨,oat,0
119,귤,tangerine,0
120,귤꽃,"unishiu orange flower",0
121,"그린 망고","green mango",0
122,그린콩씨,"green bean",0
123,근대,"leaf beet",0
124,금귤,"oval kumquat",0
125,금낭화,"showy dicentra",0
126,금잔화,marigold,0
127,금잔화꽃,"marigold/ marigold flower",0
128,기러기,"wild goose",0
129,기름,oil,0
130,기장,"common millet",0
131,기장씨,millet,0
132,김,laver,0
133,김가루,"dried seaweed powder",0
134,김치,kimchi,0
135,김칫국물,"Kimchi soup",0
136,까나리액젓,"Canary Fish Sauce",0
137,깨,Sesame,0
138,깨소금,"Ground sesame",0
139,깻잎,"perilla leaf",0
140,꼬리,"ox tail",0
141,꼬막,cockle,18
142,꽁치,"pacific saury",0
143,꽃게,"swimming crab",8
144,꽃등심,"ribeye roll",0
145,꽃사과,"chinese apple",0
146,꽃사과열매,"chinese apple/ plumleaf crab apple",0
147,꽃상추,"belgian endive",0
148,꽃상추잎,"endive/ kasini",0
149,꽃소금,salt,0
150,꽃양배추,cauliflower,0
151,꽃양배추꽃,cauliflower,0
152,"꽈리 고추","shishito peppers",0
153,꽈리고추,"shishito peper",0
154,꿀,honey,0
155,꿀풀,"asiatic self-heal",0
156,꿩고기,pheasant,0
157,나무딸기,"berry/ brambles fruit",0
158,나무딸기열매,"raspberry fruit",0
159,낙지,"long arm octopus",0
160,날치알,"flyling fish roe",0
161,남천열매,nandina,0
162,남천잎,nandina,0
163,낫토,natto,0
164,만두,dumplings,0
165,냉면,"cold noodles",0
166,냉이,"shepherd's purse",0
167,냉이뿌리,"shepherd's purse",0
168,냉이어린잎,"shepherd's purse",0
169,넙치,"olive flounder",0
170,네트멜론,"netted melon",0
171,년어,"keta salmon",0
172,녹각,"a deer horn",0
173,녹두,"mung beans",0
174,녹두씨,"green gram/ mung bean",0
175,녹말가루,"starch powder",0
176,녹말물,"starch powder",0
177,녹용,"velvet antler",0
178,녹차가루,"green tea flour",0
179,농어,"sea bass",0
180,누에,silkworm,0
181,누에번데기,pupa,0
182,느타리버섯,"oyster mushroom",0
183,능소화,"chinese trumpet creeper",0
184,능이버섯,能耳,0
185,다래,"kiwi-fruit/ chinese gooseberry",0
186,다슬기,kawanina,0
187,다시마,kelp,0
188,다시마국물,"kelp stock",0
189,다시마육수,"kelp stock",0
190,다시물,"kelp stock",0
191,다진고추,"chopped pepper",0
192,다진대파,"chopped green onion",0
193,다진돼지고기,"minced pork",10
194,다진마늘,"chopped garlic",0
196,다진생강,"chopped ginger",0
197,다진쇠고기,"Minced beef",16
198,다진양파,"Chopped onion",0
199,다진파,"Chopped green onion",0
200,다짐육(돼지고기),"minced pork",10
201,단감,persimmons,0
202,단무지,"Pickled radish",0
203,단풍나무,"palmate maple",0
204,단호박,"sweet pumpkin",0
205,단호박씨,"pumpkin/ autumn squash",0
206,단호박열매,"pumpkin/ autumn squash",0
207,달걀,egg,1
208,달걀노른자,"egg yolk",1
210,달리아,dahlia,0
211,닭,chicken,15
212,"닭 가슴살",breast,15
213,"닭 날개","chicken wing",15
214,"닭 모래주머니","gizzard/ ventriculus",15
215,"닭 봉","buffalo chicken wing drumette/ buffalo wing",15
216,"닭 안심살","tender breast",15
217,닭가슴살,"chicken breast",15
218,닭고기,chicken,15
219,닭다리,"chicken leg",15
220,닭발,"chicken feet",15
221,닭새우,ise-ebi,9
222,닭육수,"chicken stock",15
223,닭의장풀,dayflower,15
224,담배,tobacco,0
225,당귀,"angelica gigas root",0
226,당근,carrot,0
227,당근뿌리,"carrot/ wild carrot/ queen anne`s lace",0
229,당면,"cellophane noodles/ glass noodles",0
230,대게,"snow crab",8
231,대구,"pacific cod/ gray cod",0
232,대나무줄기,"bamboo/ bambusoidae",0
233,대두,soybean,5
234,대창,"large intestine",0
235,대추,jujube,0
236,대파,"green Onion",0
237,대하,"fleshy prawn",0
238,대합,"harden clam",0
239,더덕,"bonnet bellflower",0
240,더덕뿌리,"lance-asiabell root",0
241,덩굴장미,"climbing rose",0
242,"데리야끼 소스","Teriyaki sauce",0
243,도가니,"Ox knee bone",0
244,도라지,balloon-flower,0
245,도라지뿌리,"balloonflower root",0
246,도미,"snapper, sea bream",0
247,도토리묵,"Acorn jelly",0
248,돌나물,stonecrop,0
249,돌나물어린순,"stonecrop young leaf",0
250,돌돔,ishidai,0
251,돔,"snapper, sea bream",0
252,동백나무,camellia,0
253,동태,"frozen pollack",0
254,"돼지 갈비","spare ribs",0
255,"돼지 갈비살",rib,0
256,"돼지 대창","pig big intestine",0
257,"돼지 등심","loin/ center cut",0
258,"돼지 막창","pig entrails",0
259,"돼지 소창","pig small intestine",0
260,"돼지 족발","jokbal/ pig’s trotters/ pig’s legs.",0
261,"돼지 토시살","hanging tender",0
262,돼지갈비,"pork rib",0
263,돼지고기,pork,10
264,돼지고기등심,"pork sirloin",10
265,돼지고기안심,"pork tenderloin",10
266,돼지기름,"pork oil",10
267,돼지껍데기,"pork skin",10
268,돼지내장,"pig intestines",10
269,돼지등뼈,"pig spine",10
270,된장,"soybean paste",0
271,두릅,"fatsia shoots",0
272,두릅어린순,"aralia elata young shoot",0
273,두리안,durian,0
274,두리안열매,"durian/ civet-cat fruit",0
275,두부,bean-curd,0
276,두충,eucommia,0
277,둥굴레,"solomon’s seal",0
278,둥근마덩이뿌리,"airpotato yam root",0
279,들국화,"camomile/ wild chrysanthemum",0
280,들기름,"perilla oil",0
281,들깨,perilla,0
282,들깨가루,"perilla powder",0
283,들깨씨,perilla,0
284,들깻잎,"perilla leaves",0
285,등갈비살,"center loin",0
286,등나무,"japanese wisteria/ wistaria",0
287,등심초,common-rush,0
288,딸기,strawberry,0
289,딸기열매,strawberry,0
290,딸기주스,"strawberry juice",0
291,땅콩,peanut,4
292,땅콩견과,"peanut/ earth nut",4
293,떡,"rice cake",0
294,떡국떡,"rice cake",0
295,라면,,0
296,라벤더,lavender,0
297,라이스페이퍼,"rice paper",0
298,라임,lime,0
299,라임열매,lime,0
300,라즈베리,raspberry,0
301,라즈베리열매,"grayleaf red raspberry",0
302,"람부탄 과육",rambutan,0
303,"람부탄 열매",rambutan,0
304,람부탄과육,"hairy litchi/ rambutan",0
305,래디시,radish,0
306,레몬,lemon,0
307,레몬과육,"lemon pulp",0
308,레몬열매,lemon,0
309,레몬즙,"lemon juice",0
310,렌즈콩씨,lentil,0
311,렌틸콩,lentil,0
312,로즈마리,rosemary,0
313,로즈마리어린순,rosemary,0
314,루피너스,lupinnus,0
315,리코타,"ricotta cheese",0
316,마,"chinese yam",0
317,마가린,margarine,0
318,마늘,garlic,0
319,마늘잎,garlic,0
320,마늘종,"garlic stem",0
321,마른고추,"dried red pepper",0
322,마시멜로,marshmallow,0
323,마요네즈,mayonnaise,0
324,마타리,dahurian-patrinia,0
326,막걸리,"raw[unrefined] rice wine",0
327,만두피,"dumpling skin",0
328,말린표고버섯,"dried dumpling[wonton] skin",0
329,맛간장,"soy sauce",0
330,맛살,"razor-clam meat",0
331,맛소금,"seasoned salts",0
332,맛술,"seasoned salts",0
333,망고,mango,0
334,망고스틴,mangosteen,0
335,망고스틴열매,"mangosteen/ mangostan/ manggis",0
336,매생이,"seaweed fulvescens",0
337,매실,"japanese apricot",0
338,매실액,"plum liquid",0
339,매실장아찌,"pickled Japanese apricot",0
340,매실청,"plum liquid",0
341,매화꽃,apricot,0
342,맥문동,"broadleaf liriope",0
343,머루,"korean wild grapes",0
344,머스크멜론,muskmelon,0
345,머스크멜론열매,"musk melon",0
346,머스타드,mustard,0
347,머스터드,mustard,0
348,머위대,"bog rhubarb",0
349,멀구슬나무,subtripinnata,0
350,멍게,"sea squirt",8
351,메기,"far eastern catfish",0
352,메뚜기,orthoptera,0
353,메밀,buckwheat,3
354,메밀국수,"buckwheat noodle",3
355,메밀꽃,"buckwheat flower",3
356,메주,"korean-style soybean koji",0
357,메주콩,soybeans,0
358,메추리알,"quail’s egg",0
359,멜론,melon,0
360,멥쌀,"nonglutinous rice",0
361,멥쌀가루,"nonglutinous rice powder",0
362,멥쌀떡,"nonglutinous rice cake",0
363,멧돼지,"wild boar meat/ brawn",0
364,면,noodle,0
365,"멸균한 우유","sterilized milk",2
366,멸치,anchovy,0
367,멸치가루,"anchovy powder",0
368,멸치액젓,"anchovy sauce",0
369,멸치육수,"anchovy Stock",0
370,멸치젓,"salted[pickled] and fermented anchovies",0
371,명란,"spawn[roe] of a pollack",0
372,명태,"alaska pollack",0
373,모과,"chinese quince",0
374,모과나무열매,"chinese quince/ chaenomeles fruit/ mu gua",0
375,모란꽃잎,"moutan root bark",0
376,모시조개,"shortnecked clam",18
377,모짜렐라,mozzarella,0
378,모짜렐라치즈,mozzarella,0
379,목련꽃잎,"kobus magnolia",0
380,목이버섯,"tree ear",0
381,목향,compositae,0
382,목화씨,"cotton seed",0
383,무,radish,0
384,무국물,"radish broth",0
385,무궁화,"rose of sharon",0
386,무말랭이,"dried slices of daikon/ chinese radish dried",0
387,무순,radish？sprouts,0
388,무청,"radish leaves",0
389,무화과,fig,0
390,무화과열매,fig,0
391,문어,octopus,0
392,물,water,0
393,물개,seal,0
394,물미역,wakame,0
395,물엿,"starch syrup",0
396,미나리,"java water-dropwort",0
397,미니파프리카,"mini paprika",0
398,미더덕,"warty sea squirt",0
399,미림,"mirim(Japanese alcohol)",0
400,미소된장,"Japanese miso",0
401,미역,"sea mustard",0
402,미역귀,seaweed,0
403,미원,"synthetic flavoring matter",0
404,민트,mint,0
405,밀,wheat,6
406,밀가루,flour,6
407,밑만가닥버섯,"yophyllum connatum",0
408,바나나,banana,0
409,"바비큐 소스","barbecue Sauces",0
410,바이올렛,violet,0
411,바지락,"filipino venus",18
412,바질,basil,0
413,박새,"a great tit",0
414,박주가리,"a milkweed",0
415,반묘,cantharides,0
416,밤,chestnut,13
417,밤고구마,面地瓜,0
418,밤나무열매,chestnut,0
419,밤콩,"brown soybean",0
420,밥,rice,0
421,방울다다기양배추,"brussels sprouts",0
422,방울토마토,"cherry tomato",12
423,방풍나물,"ledebouriella seseloides",0
424,배,"pear/ pyrus communis l.",0
425,배과육,"pear pulp",0
426,배나무열매,pear,0
427,배즙,"pear juice",0
428,배초향,"korean mint",0
429,배추,"chinese cabbage",0
430,배추김치,"napa cabbage kimchi",0
431,배추잎,"chinese cabbage",0
432,배춧잎,"cabbage leaf",0
433,백단향,"white sandalwood",0
434,백도열매,"peche blanche",0
435,백두구,"round cardamon",0
436,백두구열매,"round cardamon fruit",0
437,백부자,白附子,0
438,백선,"the tinea",0
439,백오이,"white cucumber",0
440,백태,soybean,0
441,백포도주,"white wine",0
442,뱀딸기열매,"indian strawberry",0
443,뱅어포,"dried slices of seasoned whitebait",0
444,버섯,mushroom,0
445,"버진 올리브 오일","virgin olive oil",0
446,버찌,cherry,0
447,버찌열매,cherry,0
448,버터,butter,0
449,벌개미취어린순,"montane aster",0
450,벌깨덩굴어린순,"nettle-leaf mint",0
451,벌꿀,honey,0
452,범부채,"blackberry lily",0
453,범부채뿌리줄기,"blackberry lily",0
454,벚나무꽃,"cherry flower",0
455,벚나무열매,cherry,0
456,벚나무잎,"cherry leaves",0
457,베고니아꽃,"a begonia flower",0
458,"베니하루카 고구마",蜂蜜地瓜,0
460,베이컨,bacon,0
461,별꽃,chickweed,0
462,병어,"silver pomfret",0
463,보름달물해파리,mizukurage,0
464,보리,barley,0
465,보리수나무열매,"autumn olive",0
467,복령,tuckahoe,0
468,복분자딸기,"rubus coreanus",0
469,복분자딸기열매,"korean bramble",0
470,복수초,"amur adonis",0
471,복숭아,peach,11
472,복숭아과육,"peach pulp",11
473,복숭아나무꽃,"peach/ persicae flos/ persicae calyx",11
474,복어,"globe fish",0
475,볶은결명자,"roasted sickle-senna",0
476,볶은소금,"roasted salt",0
477,볶은캐슈,"cashew nut",0
478,볶은커피원두,"roasted coffee beans",0
479,볶은호두,"grilled walnutmeats",14
480,본갈비,"short ribs",0
481,봄동,"seasoned cabbage",0
482,부들,"common cat-tail/ reed-mace",0
483,부채살,"top blade/ top blade muscle",0
484,부추,leek,0
485,부추잎,"leek leaf",0
486,부침가루,"Korean pancake mix",0
487,부평초,duckweed,0
488,"북방산 개구리","dybowski's brown frog",0
489,북어,"dried pollack",0
490,분꽃,"four-o'clock/ marvel of peru",0
492,불린미역,"soaked seaweed",0
493,붕어,"crucian carp",0
494,붕장어,"common conger",0
495,브라질넛,"brazil nut",0
496,브로콜리,broccoli,0
498,브리,"brie cheese",0
499,블랙올리브,"olive nere",0
500,블루베리,blueberry,0
501,비단벌레,"a buprestid",0
502,비둘기,dove,0
503,비엔나소시지,"Vienna sausage",0
504,비자나무,kaya,0
505,비트,beet,0
506,빙어,"pond smelt",0
507,"빨간 고추","red cluster pepper",0
508,빵가루,"bread crumbs",0
509,뽕나무,mulberries,0
510,뽕나무겨우살이잎,"mulberry mistletoe",0
511,뽕나무열매,"a mulberry",0
512,뿔소라,murex,0
513,사골,"marrow bone",0
514,사과,apple,0
515,사과껍질,"apple peel",0
516,사과식초,"cider vinegar",0
517,사과열매,apple,0
518,사슴,deer,0
519,사슴고기,venison,0
520,사슴뿔,"bois de cerf",0
521,사시나무,"aspen/ (white) poplar",0
522,사이다,cider,0
523,사프란암술머리,"saffron crocus",0
524,사프란암술머리추출물,"saffron extract",0
525,산낙지,"sliced R\raw octopus",0
526,산달래어린식물,"long-stamen chive",0
527,산돌배나무열매,"chinese pear/ sand pear",0
528,산둥굴레잎,"var. thunbergii",0
529,산마,"white yam",0
530,산사나무,"haw/ black/ bark",0
531,산사나무잎,"large chinese hawthorn",0
532,산수유,"asiatic cornelian cherry",0
533,산수유열매,"asiatic cornelian cherry",18
534,산약뿌리줄기,dioscoreaceae,0
535,살구,apricot,0
536,살구나무꽃,"apricot flower",0
537,살구나무씨,"apricot tree seed",0
538,살구나무열매,apricot,0
539,살라미,salami,0
540,살벤자리,"jarbua terapon",0
541,살치살,"chuck flap tail",0
542,삶은계란,"boiled egg",1
543,삼겹살,"belly, bacon, side",0
544,삼색제비꽃,pansy,0
545,삼세기,"sea raven/ shaggy sea raven",0
546,삼치,"Japanese Spanish mackerel",0
547,삿갓나물,.,0
548,상수리나무견과,"quercus/ oriental chestnut oak/ acorn",13
549,상추,lettuce,0
550,상추잎,lettuce,0
551,상치,lettuce,0
552,상황버섯,"phellinus linteus",0
553,새꼬막,"ark shell",18
554,새송이버섯,"king oyster mushroom",0
555,새싹채소,"sprout vegetable",0
556,새우,shrimp,9
557,새우살,shrimp,9
558,새우젓,"salted shrimp",9
559,새조개,"egg cockle",18
560,샐러드채소,"salad vegetable",0
561,샐러리,celery,0
562,샐비어,"clary(clary sage)",0
563,생강,ginger,0
564,생강가루,"ginger powders",0
565,생강나무,ginger,0
566,생강뿌리,"ginger/ amomum zingiber",0
567,생강즙,"ginger juice",0
568,생대구,codfish,0
569,생새우,"raw shrimp",9
570,생수,water,0
571,생크림,"freash cream",0
572,샤프란,"saffron/ zafferano",0
573,샴페인,champagne,0
574,서대,tonguefish,0
575,서리태,"green kernel black bean",0
576,서양민들레,dandelion,0
577,서양민들레어린잎,dandelion,0
578,서양민들레잎,"organic dandelion leaf",0
579,서양배,"european pear",0
580,석류,pomegranate,0
581,석류나무열매,"dwarf pomegranate",0
582,석잠풀어린잎,stachys,0
583,선지,clotted？blood？from？slaughtered？cows？and？pigs,0
584,설탕,suger,0
585,성게,"sea urchin",8
586,성게알,"sea urchin roe",8
587,세이지,sage,0
588,셀러리,celery,0
589,셀러리잎,"celery/ smallage/ garden celery/ wild celery",0
590,"소 간",liver,0
591,"소 갈비살",intercostal,0
592,"소 꼬리","ox tail",0
593,"소 안심",tenderloin,0
594,"소 토시살","hanging tender",0
595,소고기,beef,0
596,소금,salt,0
597,소꼬리,"cow tail",0
598,소나무껍질,"pine bark",0
599,소나무뿌리,"korean red pine",0
600,소나무순,"korean red pine",0
601,소라,"spiny turban shell",0
602,소면,"plain noodles",0
603,소시지,sausage,0
604,소주,"soju, Korean distilled spirits",0
605,소철,"sago palm",0
606,소철씨,"sago palm",0
607,속단,續斷,0
608,손바닥선인장,"indian fig/ prickly pear",0
609,손바닥선인장열매,"prickly pear/ indian fig",0
610,손바닥선인장줄기,"indian fig/ prickly pear",0
611,솔잣나무,"stone pine",0
612,솔잣나무견과,"italian stone pine/ mediterranean stone pine",13
613,솜다리어린순,"korean edelweiss",0
614,송사리,"asiatic ricefish",0
615,송어,"cherry salmon/ masou salmon",0
616,송이,"pine mushroom",0
617,송이버섯,"pine mushroom",0
618,송화,松花,0
619,쇠고기,beef,16
620,쇠고기스톡,"beef stock",16
621,쇠뜨기,"horsetail/ field horsetail",0
622,쇠뜨기잎,"horsetail/ field horsetail",0
623,쇠미역,sujime,0
624,쇠비름,"common purselane/ pigweed",0
625,쇠비름순,purslane,0
626,수국,hydrangea,0
627,수국잎,hydrangea,0
628,수닭,"rooster, cock",15
629,수련,"water lily",0
630,수련땅속줄기,"water lily",0
631,수박,watermelon,0
632,수박열매,watermelon,0
633,수박주스,"watermelon juice",0
634,수삼,"fresh ginseng",0
635,수세미,"luffa cylindrica",0
636,수세미오이어린열매,"smooth loofah",0
637,수수,sorghum,0
638,수수씨,sorghum,0
639,수양버들,"weeping willow",0
640,숙주,"bean sprouts",0
641,숙주나물,"bean sprout",0
642,순대,"sundae(Korean sausage)",0
643,순두부,"soft tofu",0
644,순무,turnip,0
645,순무양배추,kohlrabi,0
646,술,alcohol,0
647,숭어,"flathead mullet",0
648,슈가파우더,"powder sugar",0
649,스위티,sweetie,0
650,스타프루트,"star fruit",0
651,스타후르츠,starfruit,0
652,스타후르츠열매,"starfruit/ carambola",0
653,스파게티,spaghetti,0
654,스파게티면,spaghetti,0
655,슬라이스치즈,"slice cheese",0
656,슬라이스햄,"slice ham",0
657,시계꽃,"passion flower",0
658,시금치,spinach,0
659,시금치잎,spinach,0
660,시나몬,cinnamon,0
662,시래기,"dried radish greens",0
663,시리얼,cereal,0
664,시사모,"capelin/ candlefish",0
665,식빵,"(plain) bread",0
666,식용누에번데기,beondegi,0
667,식용달팽이,"an escargot",0
668,식용유,"cooking oil",0
669,식초,vinegar,0
670,신김치,"sour[over-fermented] kimchi",0
671,"신선 참마","fresh yam",0
672,신선바나나,"fresh bananas",0
673,신선토마토,"fresh tomatoes",12
674,"신선한 표고버섯","fresh oak mushroom/ shiitake fungus",0
675,실버베리열매,silverberry,0
676,실파,"a small green onion",0
677,쌀,rice,0
678,쌀가루,"rice flour",0
679,쌀겨기름(미강유),"rice oil",0
680,쌀국수,"rice noodle",0
681,쌀뜨물,"used water from washing rice",0
682,쌈장,ssamjang,0
683,쏘가리,"freshwater mandarin fish",0
684,쏠배감펭,"luna lion fish",0
685,쑥,"mugwort, wormwood",0
686,쑥갓,"crown daisy",0
687,쑥갓잎,"crown daisy",0
688,쑥부쟁이,"aster yomena",0
689,쑥부쟁이어린잎,"aster yomena",0
690,씀바귀,"toothed ixeridium",0
691,씀바귀잎,"korean ixeris",0
692,아구,"anglerfish, monkfish",0
693,아귀,"anglerfish, monkfish",0
694,아기양배추잎,"brussels sprouts",0
695,아라비안자스민꽃,"arabian jasmine",0
696,아로니아열매,"black chokeberry",0
697,아마,flax,0
698,아몬드,almond,13
699,아몬드가루,almond,13
700,아몬드견과,"sweet almond",13
701,아몬드외피,"sweet almond",13
702,아보카도,avocado,0
703,아보카도열매,"avocado/ alligator pear",0
704,"아삭이 고추","chili (pepper)",0
705,아스파라거스,asparagus,0
706,아스파라거스어린순,asparagus,0
707,아오리사과,"green apple",0
708,아욱,"curled mallow",0
709,아카시아,"shittah tree",0
710,아카시아나무꽃,"fleur d'acacia.",0
711,안식향,angelica,0
712,안심,tenderloin,0
713,안심살,tenderloin,0
714,안창살,"outside skirt",0
715,암닭,hen,15
716,앞치마살,"thin flank",0
718,애기나리어린잎,fairy-bells,0
719,애기똥풀,"asian celandine/ greater celandine",0
720,애기원추리어린순,"small yellow daylily",0
721,애플망고,"apple mango",0
722,애플민트,"apple mint/ roundleave mint",0
723,애호박,"green pumpkin/ young pumpkin",0
724,액젓,"aekjeot, fish sauce",0
725,앵두,"korean cherry",0
726,앵두나무열매,"chinese bush cherry",0
727,앵초어린싹,"a primrose",0
728,야생딸기,"wild strawberry",0
729,야자나무,"a palm (tree)",0
730,야콘어린잎,yacon,0
731,양고기,lamb,0
732,양귀비,opium-poppy,0
733,양귀비전초,"opium poppy",0
734,양념,seasoning,0
735,양념장,marinade,0
736,양배추,cabbage,0
737,양상추,"lettuce/ cabbage lettuce",0
738,양상추잎,lettuce,0
739,양송이,"button mushroom",0
740,양송이버섯,"cultivated mushroom",0
741,양쥐돔,acanthuridae,0
742,양지국물,"brisket, flank",0
743,양파,onion,0
744,양파즙,"onion juice",0
745,얘로,yarrow,0
746,어린잎채소,"sprout vegetable",0
747,어묵,"fish cake",0
748,얼갈이배추,"Chinese cabbage, napa cabbage",0
749,얼레지,"dog-tooth violet",0
750,얼음,ice,0
751,엄나무,"castor aralia",0
752,업진살,"short plate",0
753,엉겅퀴,tiger-thistle,0
754,에뮤,"an emu",0
755,"엠보르그 브리","emborg brie",0
756,"엠보르그 카망베르","emborg camembert",0
757,연,lotus,0
758,연겨자,"light mustard",0
759,연근,"lotus root",0
760,연꽃,"lotus flower",0
761,연두부,"soft soybean curd",0
762,연맥,oat,0
763,연어,salmon,0
764,연잎,"a lotus leaf",0
765,열무,"young radish",0
766,열무김치,"young radish kimchi",0
767,염소,goat,0
768,영양부추,chives,0
769,영지버섯,"glossy ganoderma",0
770,오갈피,"stalkless-flower eleuthero",0
771,오갈피나무줄기,"five-leaved aralia",0
772,오골계,"chicken, black bone",0
773,오디,mulberries,0
774,오레가노,oregano,0
775,오렌지,"navel orange",0
776,오리고기,"duck meat",0
777,오미자,schizandra,0
778,오미자열매,schizandra,0
779,오소리,badger,0
780,오약,"lindera root",0
781,오이,cucumber,0
782,오이열매,cucumber,0
783,오이풀,"a burnet",0
784,오이피클,"pickled cucumber",0
785,오징어,squid,17
786,오징어채,"shredded squid",17
787,옥돔,"red tilefish/ red horsehead",0
788,옥수수,"corn/ maize",0
789,옥수수기름,"corn oil",0
791,옥수수통조림,"canned corn",0
792,올리고당,oligosaccharide,0
793,올리브,olive,0
794,"올리브 오일","olive oil",0
795,올리브나무열매,olive,0
796,올리브오일,"olive oil",0
797,올리브유,"olive oil",0
798,와사비,wasabi,0
799,와인,wine,0
800,완두,pea,0
801,완두콩,pisum？sativum,0
802,왕게,"red king crab",8
803,요구르트,yoghurt,0
804,용과,"dragon fruit",0
805,용담(줄기제외),"gentian/ stemless",0
806,용담뿌리,"gentian/ rhizome or root",0
807,우거지,"outer leaves",0
808,우동면,"udong noodle",0
809,우렁이,"freshwater[mud, pond] snail",0
810,우엉,"great burdock",0
811,우유,milk,2
812,울금,turmeric,0
813,원추리,"day lily",0
814,원추리꽃봉오리,"common day liiy/ orange day lily/ day lily",0
815,원추리어린잎,"common day liiy/ orange day lily/ day lily",0
816,월계수잎,"bay leaf",0
817,월넛,walnut,0
818,유부,"fried tofu",0
819,유자,citron,0
820,유자열매,"citron fruit",0
821,유제품,"dairy products",0
822,유채,rapeseed,0
823,유채씨기름,"rape oil",0
824,유칼립투스,"eucalyptus globulus leaves",0
825,"유칼립투스 잎","eucalyptus leaf",0
826,육두구,nutmeg,0
827,육두구씨,"nutmeg seed",0
828,육수,"meat broth, meat stock",0
829,육포,"beef jerky",0
830,육회,"yukhoe, Korean-style raw beef",0
831,윤판나물어린순,"korean disporum",0
832,율무,adlay,0
833,율무씨,"job's tears/ adlay/ adlai/ coicis semen",0
834,은방울꽃,"may lily/ lily of the valley",0
835,은행,maidenhair,13
837,은행나무잎,ginko,0
838,은행열매,ginkgo,13
839,인삼,ginseng,0
840,인삼뿌리,"ginseng root",0
841,인삼열매,"ginseng fruit",0
842,인절미,"injeolmi, Korean traditional rice cake",0
843,잉어,"common carp",0
844,자귀나무꽃,"silk tree flower",0
845,자두,plum,0
846,자두나무열매,"plum tree/ japanese plum",0
847,자두핵,plum,0
848,자란,"bletillae rhizoma",0
849,자리공,"phytolacca esculenta",0
850,자리돔,"pearl-spot chromis",0
851,자몽,grapefruite,0
852,자몽과육,grapefruit,0
853,자몽열매,grapefruit,0
854,자몽주스,"grapefruite juice",0
855,자운영,milk-vetch,0
856,자작나무,birch,0
857,자주감자,"purple potato",0
858,자주루드베키아,echinacea,0
859,작두콩,"sword bean",0
860,작약,"peony root",0
861,잔멸치,"japanese anchovy/ anchovy",0
862,잡뼈국물,"mixed bone broth",0
863,잣,"pine nut",0
864,잣나무,"korean pine",0
865,잣나무견과,"korean pine/ pine nut/ pine nut",13
866,잣나무씨앗,"nut pine",13
867,잣나무잎,"nut pine leaf",0
868,장아찌,"pickled vegetables",0
869,장어,eel,0
870,재스민,jasmine,0
871,재스민꽃,"jasmine flower",0
872,재첩,"marsh clam",0
873,"저온 살균한 우유","pasteurized milk",2
874,적상추,"red lettuce",0
875,적양배추,"red cabbage",0
876,적작약,"paeony/ chinese paeony",0
877,적포도주,"red wine",0
878,전갈,scorpion,0
879,전복,abalone,18
880,전분,starch,0
881,전어,"dotted gizzard shad",0
882,접시꽃,hollyhock,0
883,젓새우,"akiami paste shrimp",9
884,정어리,sardine,0
885,제라늄,geranium,0
886,제라니움,geranium,0
887,"제라니움, 로즈","geranium / rose",0
888,제비꽃,"manchurian violet",0
889,제비추리,"rope meat",0
890,조,"italian millet",0
891,조개,clam,18
892,조구등,"uncaria rhynchophylla",0
893,조기,"croaker/ yellow corbina",0
894,조미료,"seasoning, (formal) condiment",0
895,조생,mandarin,0
897,조청,"grain syrup",0
898,졸복,"panther puffer",0
899,좁쌀,"foxtail millet",0
900,주꾸미,"webfoot octopus",0
901,주름잎,"asian mazus",0
902,주목,yew,0
903,주목열매,"japaness yew/ yew",0
904,죽순,"bamboo sprout",0
905,중국계피,"chinese cinnamon",0
906,중국당귀,"dang gui/ dan gui/ dang quai",0
907,중국밤,"chinese chestnut",0
908,중국부추,"chinese chives",0
909,중국젓새우,"northern mauxia shrimp",9
910,중력분,"gravity powder",0
911,중새우,shrimp,9
912,중하,"shiba shrimp",9
913,쥐눈이콩,"a kind of small bean",0
914,쥐치,"thread-sail filefish /fool fish /porky",0
915,쥐포,"filefish fillet",0
916,지모,anemarrhena,0
917,지칭개,lyrate-hemistepta,0
918,지칭개어린순,lyrate-hemistepta,0
919,진간장,"thick soy",0
920,진달래,azalea,0
921,진달래꽃,"korean rosebay",0
922,진피,"citrus unshiu peel",0
923,질경이,"asian plantain",0
924,집게,"hermit crab",8
925,집오리,"a domestic duck",0
926,"짜장 소스","Jja-jang sauce",0
927,쪽파,"allium fistulosum",0
928,쭈꾸미,"webfoot octopus",0
929,찔레,"baby brier/ wild rosebush/ japanese rose",0
930,찔레꽃어린순,"baby brier/ wild rosebush/ japanese rose",0
931,차돌박이,"brisket point end",0
932,차조,glutinous？foxtail？millet,0
933,찬물,water,0
934,찬밥,rice,0
935,참기름,"sesame oil",0
936,참깨,sesame,0
939,참나리꽃잎,"easter lily",0
940,참나무,oak,0
941,참나무열매,"quercus/ oriental chestnut oak",0
942,참나물,"pimpinella brachycarpa",0
943,참나물잎,shortfruit-pimpinella,0
944,참느릅나무,"korean autumn elm",0
945,참느릅나무잎,"korean autumn elm",0
946,참다슬기,coreana,0
947,참당귀,"korean angelica",0
948,참돔,"red seabream",0
949,참마뿌리,"a yam",0
950,참문어,octopus,0
951,참빗살나무어린잎,"hamilton's spindle/ winterberry euonymus",0
952,참외,"oriental melon",0
953,참외열매,"oriental melon",0
954,참조기,"small yellow croaker",0
955,참취어린잎,edible？aster,0
956,참치,tuna,0
957,참치캔,"canned tuna",0
958,참치통조림,"canned tuna",0
959,참홍어,"mottled skate /mottled skate",0
960,찹쌀,"glutinous rice",0
961,찹쌀가루,"glutinous rice flour",0
962,창포,"菖蒲/ sweet flag/ calamus",0
963,채끝살,striploin,0
964,천궁,cnidium,0
965,천도복숭아,nectarine,11
966,천도복숭아열매,nectarine,11
967,천마,"rhizoma gastrodiae",0
968,천마뿌리,"tall gastrodia tuber root",0
969,천일염,天日鹽,0
970,천일홍,"a globe amaranth",0
971,철갑둥어,pineconefish,0
972,철갑상어,sturgeon,0
973,청각,"sea staghom",0
974,청경채,"pak choi",0
975,청고추,"green chili",0
976,청국장,cheonggukjang,0
977,청매,"inexperienced ume",0
978,청보리,"forage barley",0
979,청양고추,"spicy chili pepper",0
980,청주,"cheongju, refined[clear] rice wine",0
981,청포도,green？grape,0
982,청포묵,"Mung bean jelly",0
983,청피망,"green pepper, bell pepper",0
984,체리,cherry,0
985,"초고온 순간 살균한 우유","ultrahigh temperature sterilized milk",2
986,초고추장,"red chili-pepper paste with vinegar",0
987,초롱꽃어린순,"bell flower",0
988,초콜릿,chocolate,0
989,총각무,"a (young) radish",0
990,춘장,"black bean paste",0
991,취나물,"seasoned aster",0
992,측백나무,"folium biotae orientalis",0
993,측백나무가지,"chinese arborvitae",0
994,측백나무씨,"chinese arborvitae",0
995,측백나무잎,"chinese arborvitae",0
996,치마살,"flap meat",0
997,치즈,cheese,0
998,치즈가루,"cheese powder",0
999,치커리,"common chicory",0
1000,"칠리 소스","chili sauce",0
1001,칡,"kudzu vine",0
1002,칡넝쿨,"kudzu vine",0
1003,칡잎,"kudzu/ kudzu vine/ kuzu vine/ pueraria",0
1004,카네이션꽃,"clove pinks/ rainbow pinks/ carnation",0
1005,카람볼라,carambola,0
1006,카레,curry,0
1007,카레가루,"curry powder",0
1008,카망베르,camembert,0
1009,"카사바 멜론","casaba melon",0
1010,카카오,cacao,0
1011,"칸탈루포 멜론","cantaloupe melon",0
1012,칼국수,"chopped noodles",0
1013,칼국수면,"chopped noodles",0
1014,캐모마일,camomil,0
1015,캐모마일꽃,"chamomile flower",0
1016,캐슈견과,cashew,13
1017,캐슈넛,"cashew nut",13
1018,캥거루고기,"kangaroo meat",0
1019,커피나무과육,"coffee tree",0
1020,커피농축액,"coffee concentrate",0
1021,커피빈추출물,"coffee bean extract",0
1022,커피추출액,"coffee extract",0
1023,케일,kale,0
1024,케일잎,"kale leaf",0
1025,케첩,ketchup,12
1026,코다리,pollack,0
1027,코코넛,coconut,0
1028,"코코넛 밀크","coconut milk",2
1029,"코코넛 우유","coconut milk",2
1030,코코아주스,"cocoa(cacao) juice",0
1031,코코아파우더,"cocoa powder/ cacao powder",0
1032,콜라비,kohlrabi,0
1033,콜라비비대경,kohlrabi,0
1034,콜리플라워,cauliflower,0
1035,콩,bean,0
1036,콩가루,"bean flour",0
1037,콩기름,"bean oil",0
1038,콩나물,"bean sprouts",0
1039,콩잎,bean？leaves,0
1040,퀴노아,quinoa,0
1041,퀴노아씨앗,quinoa,0
1042,크랜베리,cranberry,0
1043,크림,cream,0
1044,크림치즈,"cream cheese",0
1045,큰괭이밥어린순,"mountain lady's-sorrel",0
1047,큰앵초어린잎,primrose,0
1048,클로버,clover,0
1049,키위,kiwi,0
1050,키위씨,"kiwi seed",0
1051,키위열매,kiwi,0
1052,키조개,"comb pen shell",0
1053,킹크랩,"king crab",0
1054,타임,thyme,0
1055,타조,ostrich,0
1056,타조고기,"ostrich meat",0
1057,탱자,"trifoliate orange",0
1058,털게,kegani,8
1059,테프,tef,0
1060,토끼,"hare meat, rabbit meat",0
1061,토끼풀잎,"dutch clover leaf",0
1062,토란,taro,0
1063,토란뿌리줄기,taro,0
1064,토란잎,"taro/ coco yam",0
1065,토란줄기,taro,0
1066,토마토,tomato,12
1067,토마토소스,"tomato sauce",12
1068,토마토열매,"tomato/ lycopersicon lycopoersicum",12
1069,토마토케찹,ketchup,12
1070,토마토케첩,ketchup,12
1071,톳,"sea weed fusiforme",0
1072,톳나물,"sea weed fusiforme",0
1073,통깨,sesame,0
1074,통도라지,"balloon/bell flower (root)",0
1075,통마늘,"a whole bulb of garlic",0
1076,통후추,"whole peppers",0
1077,투구꽃,monk'shood,0
1078,튀김가루,"frying powder",0
1079,튀김기름,"frying oil",0
1080,파,"spring onion",0
1081,파래,"sea lettuce",0
1082,파마산치즈,"Parmesan cheese",0
1083,파스타,pasta,0
1084,파슬리,parsley,0
1085,파슬리가루,parsley,0
1086,파인애플,pineapple,0
1087,파인애플열매,pineapple,0
1088,파파야,papaya,0
1089,파프리카,paprika,0
1090,팔각,"star anise",0
1091,팔랑개비국화(수레국화),cornflower,0
1092,팔랑개비국화꽃잎,cornflower,0
1093,팥,"red bean",0
1094,팥씨,"red bean",0
1095,패랭이꽃,pink,0
1096,"팬지 꽃",pansy,0
1097,팽이버섯,"winter mushroom",0
1098,페퍼민트잎,peppermint,0
1099,포도,grape,0
1100,포도씨유,"grape seed oil",0
1101,포도열매,grape,0
1102,포멜로,pomelo,0
1103,포멜로열매,pomelo,0
1104,퐁듀치즈,"fondue cheese",0
1105,표고버섯,"oak mushroom",0
1106,표주박,"gourd dipper",0
1107,풋고추,"green chilli",0
1108,풋마늘,"green garlic",0
1109,풋콩,"green soybean",0
1110,플레인요구르트,"plain yogurt",0
1111,피망,"sweet pepper",0
1112,피망열매,"sweet pepper/ pimento",0
1113,피스타치오,pistachio,0
1114,피자치즈,"pizza cheese",0
1115,피조개,akagai,0
1116,피칸,pecan,13
1117,피칸견과,pecan,13
1118,피클,pickle,0
1119,하늘나리비늘줄기,"star lily",0
1120,하늘말나리어린순,"korean wheel lily",0
1121,하바네로열매,"habanero chili",0
1122,하수오,"polygoni multiflori radix",0
1123,한라봉,hanbalong,0
1124,한라봉열매,"hallabong/ kabosu(かぽす)",0
1125,할라페뇨,jalapenos,0
1126,할라피뇨,jalapeno,0
1127,핫소스,"hot sauce",0
1128,항정살,jowls,0
1129,해국어린잎,"arctic daisy young leaf",0
1130,해물,seafood,0
1131,해바라기꽃,"sunflower flower",0
1132,해바라기꽃잎,sunflower,0
1133,해바라기씨,"sunflower seed",0
1134,해삼,"sea cucumber",0
1135,해파리,"jellyfish, sea jelly",0
1136,햄,ham,0
1137,허니머스타드,"honey mustard",0
1138,허니머스터드,"honey mustard",0
1139,허브솔트,"herb salt",0
1140,헛개,"japanese raisin tree",0
1141,헤이즐넛,hazelnuts,13
1142,현미,"unpolished rice",0
1143,호두,walnut,14
1145,호리박병,"bottle gourd",0
1147,호박,"pumpkin/ squash",0
1148,호박꽃,"pumpkin flower",0
1149,호박씨,"pumpkin seed",0
1150,호박잎,"pumpkin leaf",0
1151,홍고추,"mashed red pepper",0
1152,홍당무,carrot,0
1153,홍삼,"red ginseng",0
1154,홍시,"soft persimmon",0
1155,홍어,"skate ray",0
1156,홍피망,"bell pepper",0
1157,홍합,"igai/ mytili caro",18
1158,홍화(잇꽃),safflower,0
1159,홍화씨,"safflower/ fucus",0
1160,황기,"astragalus root",0
1161,황기뿌리,"milk vetch root",0
1162,황도,peach,0
1163,황소개구리,"american bull frog",0
1164,황태,"dried pollack",0
1165,회색기러기,"greylag goose",0
1166,후추,pepper,0
1167,후추열매,"black pepper/ pepper/ piperis nigri fructus",0
1168,후춧가루,"ground pepper",0
1169,훈제연어,"smoked salmon",0
1170,휘핑크림,"whipping cream",0
1171,흑미,"black rice",0
1172,흑설탕,"brown sugar",0
1173,흑임자,"black sesame",0
1174,흰강낭콩,"butter bean",0
1175,흰강낭콩열매,"butter bean fruit",0
1176,흰민들레,"korean dandelion",0
1177,흰콩,"white soybean",0
1178,히비스커스,"hibiscus/ hibiscus",0
1179,히비스커스꽃,"hibiscus flower",0
1180,히비스커스꽃잎,hibiscus,0
1181,히아신스꽃,"hyacinth flowers",0
